item_id,pool,source_sme,change_type,fact_idx,action,original_text,new_text,sme_note,gpt_rationale,override_reason
F500_0137,dnv_full_500,SME-3-stageA,fact_repair,2,replaced,"The permissible harbour/sheltered water sagging bending moment criterion is Msw-p ≤ fhar × Mwv + Msw, with fhar = 0.5","The permissible harbour/sheltered water sagging bending moment criterion is M_sw-p ≤ f_har-M × M_wv + M_sw, with f_har-M = 0.9 per Pt5.Ch2.Sec3 [2.3.1] (in lieu of the Pt3.Ch5.Sec2 default f_har = 0.5 for non-container ships)",Pt3.Ch5.Sec2 defines f_har = 0.5 unless otherwise defined in Pt.5; Pt5.Ch2.Sec3 [2.3.1] does otherwise define the container-ship harbour-bending correction as f_har-M = 0.9.,Drafted from SME-3 Stage-A free-text comment + v5d per-fact reason quoting source clauses; cross-checked numerically.,
F500_0137,dnv_full_500,SME-3-stageA,fact_repair,3,replaced,"The permissible harbour sagging bending moment evaluates to 0.5 × 4,200,000 + 7,500,000 = 9,600,000 kNm","The permissible harbour sagging bending moment evaluates to 0.9 × 4,200,000 + 7,500,000 = 11,280,000 kNm","With container-ship f_har-M = 0.9: 0.9 * 4,200,000 + 7,500,000 = 11,280,000 kNm.",Drafted from SME-3 Stage-A free-text comment + v5d per-fact reason quoting source clauses; cross-checked numerically.,
F500_0137,dnv_full_500,SME-3-stageA,fact_repair,4,replaced,"The applied harbour sagging moment of 9,800,000 kNm exceeds the permissible value of 9,600,000 kNm","The applied harbour sagging moment of 9,800,000 kNm does not exceed the permissible value of 11,280,000 kNm","Permissible 11,280,000 kNm, applied 9,800,000 kNm, so applied does not exceed permissible.",Drafted from SME-3 Stage-A free-text comment + v5d per-fact reason quoting source clauses; cross-checked numerically.,
F500_0137,dnv_full_500,SME-3-stageA,fact_repair,5,replaced,The harbour loading condition is not compliant,The harbour loading condition is compliant,Compliance reverses: condition is compliant under the Pt5 container-ship correction.,Drafted from SME-3 Stage-A free-text comment + v5d per-fact reason quoting source clauses; cross-checked numerically.,
R500_0015,dnv_full_500,SME-3-stageA,fact_repair,5,replaced,"GM default = 0.07 × 32 = 2.24 m (general default, since GM not calculated)","GM = 0.25 × B = 0.25 × 32 = 8.0 m, taken from Pt5.Ch1.Sec2 [5.1.2] Table 4 for the bulk-carrier homogeneous-heavy-cargo, partially filled, full-load condition (Pt5 overrides the Pt3.Ch4.Sec3 generic default GM = 0.07 × B for ships with class notation Bulk carrier or Ore carrier)","Pt5.Ch1.Sec2 [5.1.2] sends bulk carriers to Table 4 for GM and k_r in lieu of Pt3 generic defaults; for homogeneous heavy cargo, partially filled, full-load condition Table 4 gives GM = 0.25 × B = 8.0 m.",Drafted from SME-3 Stage-A free-text comment + v5d per-fact reason quoting source clauses; cross-checked numerically.,
R500_0015,dnv_full_500,SME-3-stageA,fact_repair,6,replaced,Roll angle θ ≈ 18.1–18.2 degrees,Roll angle θ must be re-derived using the bulk-carrier-specific k_r = 0.42 × B = 13.44 m (Pt5.Ch1.Sec2 [5.1.2] Table 4) together with GM = 8.0 m and the Pt3.Ch4.Sec3 roll-angle formula; the generic-default-based value of ≈18° derived from k_r = 0.39B / GM = 0.07B is not applicable for a bulk carrier,"With the bulk-carrier-specific k_r = 0.42 × B = 13.44 m and GM = 8.0 m, the roll angle from the Pt3.Ch4.Sec3 formula is materially smaller than the value derived from generic defaults; the question's quantitative roll-angle value must be re-derived rather than left at the generic-default ≈18°.",Drafted from SME-3 Stage-A free-text comment + v5d per-fact reason quoting source clauses; cross-checked numerically.,
R500_0028,dnv_full_500,SME-3-stageA,fact_repair,1,replaced,A deviation of 0.8% is within the ±1% limit and does not by itself prevent certificate issuance,"For onboard certification per [9.6.2], any numerical difference between the installed system output and the approved test conditions prevents certificate issuance, so a 0.8% deviation is by itself a basis for refusal even though it satisfies the ±1% software-approval criterion in [9.5.8]","[9.6.2] says: ""If numerical output from the lashing computer system is different with the approved test conditions, a certificate cannot be issued."" The ±1% criterion in [9.5.8] applies only to software approval against independent calculations, not to onboard certification.",Drafted from SME-3 Stage-A free-text comment + v5d per-fact reason quoting source clauses; cross-checked numerically.,
R500_0128,dnv_full_500,SME-3-stageA,fact_repair,1,replaced,The correct net design pressure for outer shell plating adjacent to a ballast tank under load set TK-1/WB-1 is P_ls-1 + P_ld − P_S,"The correct net design pressure for outer shell plating adjacent to a ballast tank under load set TK-1/WB-1 is P_ls-1 + P_ld - (P_S + P_W), per Pt3.Ch6.Sec2 Table 1 (the ""- P_S"" form in Table 2 is for primary supporting members, not plating)","Table 1 gives WB-1 and TK-1 for plating as ""P_ls-1 + P_ld - (P_S + P_W)"" at T_BAL with AC-II; Table 2's ""- P_S"" expression is for primary supporting members, not plating.",Drafted from SME-3 Stage-A free-text comment + v5d per-fact reason quoting source clauses; cross-checked numerically.,
R500_0210,dnv_full_500,SME-3-stageA,fact_repair,0,replaced,"The equivalent panel width b_eq is approximately 692 mm, computed using b_eq = ℓ1 + ℓ2 × (t1/t2)^1.5 with t1 = 16 mm, ℓ1 = 420 mm, t2 = 20 mm, ℓ2 = 380 mm","For a varying-thickness panel under FE-based / direct-strength buckling assessment, Pt3.Ch8.Sec4 [2.1.2] requires the average net thickness t_avr = Σ A_i t_i / Σ A_i across the panel; with t1 = 16 mm, ℓ_1 = 420 mm and t2 = 20 mm, ℓ_2 = 380 mm: t_avr = (420×16 + 380×20) / (420+380) ≈ 17.9 mm (the equivalent-width formula b_eq = ℓ_1 + ℓ_2(t1/t2)^1.5 belongs to Pt3.Ch8.Sec3 [1.2.1] hull-girder buckling and does not apply here)","Pt3.Ch8.Sec4 [2.1.2] requires average thickness t_avr = ΣA_i t_i / ΣA_i for non-constant-thickness panels. With t1=16, w1=420, t2=20, w2=380: t_avr = (420×16 + 380×20) / (420+380) = (6720+7600)/800 = 17.9 mm. The equivalent-width formula belongs to Pt3.Ch8.Sec3 [1.2.1], the hull-girder buckling subsection, not the direct-strength buckling rules.",Drafted from SME-3 Stage-A free-text comment + v5d per-fact reason quoting source clauses; cross-checked numerically.,
R500_0210,dnv_full_500,SME-3-stageA,fact_repair,4,replaced,The buckling check for the varying-thickness panel shall be performed using the smaller plate thickness t1 = 16 mm combined with the equivalent width b_eq,"The buckling check for the varying-thickness panel shall be performed using the average net thickness t_avr ≈ 17.9 mm across the full panel width per Pt3.Ch8.Sec4 [2.1.2], not the smaller plate thickness t1 = 16 mm combined with an equivalent width","Buckling check for varying-thickness panel under direct-strength assessment uses t_avr = 17.9 mm across the full panel width, not t1 = 16 mm with an equivalent width.",Drafted from SME-3 Stage-A free-text comment + v5d per-fact reason quoting source clauses; cross-checked numerically.,
R500_0277,dnv_full_500,SME-3-stageA,fact_repair,5,replaced,The minimum required gross section modulus at deck from the vertical bending strength check is 24.0 m³,"The minimum required gross section modulus at deck from the vertical bending strength check is Z_D-gr,min = |M_sw + M_wv| / σ_perm × 10^-3 = (4,200,000 + 2,800,000) / 175 × 10^-3 = 40.0 m³ (Pt3.Ch5.Sec2 [1.4.1])","Pt3.Ch5.Sec2 [1.4.1] gives Z_gr = |M_sw + M_wv| / σ_perm × 10^-3. With M_sw = 4,200,000 + M_wv = 2,800,000 kNm and σ_perm = 175 N/mm²: Z_gr = 7,000,000 / 175 × 10^-3 = 40.0 m³.",Drafted from SME-3 Stage-A free-text comment + v5d per-fact reason quoting source clauses; cross-checked numerically.,
R500_0277,dnv_full_500,SME-3-stageA,fact_repair,6,replaced,The provided Z_D-gr = 24.8 m³ exceeds the minimum of 24.0 m³ and is therefore compliant,The provided Z_D-gr = 24.8 m³ is below the minimum of 40.0 m³ and therefore does not satisfy the vertical bending strength section-modulus requirement,"Provided Z_D-gr = 24.8 m³ is below the 40.0 m³ minimum, so the section modulus criterion at deck is not satisfied.",Drafted from SME-3 Stage-A free-text comment + v5d per-fact reason quoting source clauses; cross-checked numerically.,
R500_0295,dnv_full_500,SME-3-stageA,fact_repair,1,replaced,"For longitudinal stiffened plating under AC-II, the coefficients are βa = 1.10, αa = 0.50, Ca-max = 1.00","For longitudinal stiffened plating under AC-II per Sec.4 Table 1, the coefficients are β_a = 1.05, α_a = 0.50, C_a-max = 0.95","Table 1 row for Longitudinal stiffened plating under AC-II gives β_a = 1.05, α_a = 0.50, C_a-max = 0.95 — not 1.10/0.50/1.00.",Drafted from SME-3 Stage-A free-text comment + v5d per-fact reason quoting source clauses; cross-checked numerically.,
R500_0295,dnv_full_500,SME-3-stageA,fact_repair,2,replaced,"Ca = 1.10 − 0.50 × (110/315) ≈ 0.925, which is below Ca-max = 1.00 so no cap is applied","C_a = 1.05 - 0.50 × (110/315) ≈ 0.875, which is below C_a-max = 0.95 so no cap is applied","C_a = β_a - α_a × σ_hg / R_eH = 1.05 - 0.50 × (110/315) ≈ 0.875, below the 0.95 cap so no cap is applied.",Drafted from SME-3 Stage-A free-text comment + v5d per-fact reason quoting source clauses; cross-checked numerically.,
R500_0295,dnv_full_500,SME-3-stageA,fact_repair,4,replaced,Minimum net plate thickness t ≈ 9.1 mm (acceptable range 9.0–9.2 mm),Minimum net plate thickness t ≈ 9.4 mm (acceptable range 9.3-9.5 mm),"t = 0.0158 × α_p × b × sqrt(P / (C_a × R_eH)) with α_p = 1.0, b = 820, P = 145, C_a = 0.875, R_eH = 315 gives t ≈ 9.4 mm.",Drafted from SME-3 Stage-A free-text comment + v5d per-fact reason quoting source clauses; cross-checked numerically.,
F500_0040,dnv_full_500,SME-3-stageA,fact_repair,1,replaced,The applicable slenderness coefficients for a T-bar PSM web are C_w = 75 and for the flange C_f = 12,"The applicable PSM slenderness coefficients per Pt3.Ch8.Sec2 [4.1.1] are C_w = 100 (single-skin) or 125 (double-skin) for the web plate; the flange coefficient C_f is taken from Table 2, which gives C_f = 12 for T-bars","Sec.2 [4.1.1] gives PSM web-plate coefficient C_w = 125 for double-skin construction and C_w = 100 elsewhere; the T-bar value C_w = 75 is the stiffener rule from [3.1.1], not the PSM rule.",Drafted from SME-3 Stage-A free-text comment + v5d per-fact reason quoting source clauses; cross-checked numerically.,
F500_0040,dnv_full_500,SME-3-stageA,fact_repair,2,replaced,Web plate minimum thickness requirement: t_w ≥ h_w / C_w × sqrt(R_eH/235) = 320/75 = 4.27 mm; actual 8 mm complies,PSM web-plate minimum thickness requirement: t_w ≥ s_w / C_w × sqrt(R_eH / 235) per Pt3.Ch8.Sec2 [4.1.1] with s_w = web-stiffener spacing and C_w = 100 (single-skin); the requirement cannot be evaluated against h_w / 75 (which is the stiffener rule from [3.1.1]),"PSM web-thickness requirement per Sec.2 [4.1.1] is t_w ≥ s_w/C_w × sqrt(R_eH/235) using web-stiffener spacing s_w; the h_w/75 form applies the stiffener rule, not the PSM rule.",Drafted from SME-3 Stage-A free-text comment + v5d per-fact reason quoting source clauses; cross-checked numerically.,
F500_0141,dnv_full_500,SME-3-stageA,fact_repair,3,replaced,The minimum required section modulus at mid-span Z ≈ 630 cm³ (calculated as 1000 × 85 × 3.6 × 3.30² / (24.0 × 0.70 × 315)),The Pt3.Ch6.Sec6 [2.1.1] prescriptive section-modulus formula does not apply to this member because Pt3.Ch6.Sec6 [1.1.2] excludes double-skin primary supporting members and Pt3.Ch3.Sec7 [1.3.2] identifies double-bottom floors / web frames as double-skin sections; the section modulus must instead be assessed by direct strength / FE analysis per Ch.6 Sec.6 [1.1.2],[1.1.2] excludes double-skin PSMs; the 630 cm³ figure is computed from a formula that does not apply to a double-bottom floor/web frame.,Drafted from SME-3 Stage-A free-text comment + v5d per-fact reason quoting source clauses; cross-checked numerically.,
F500_0141,dnv_full_500,SME-3-stageA,fact_repair,4,replaced,"At support positions (within 0.2 × ℓ_bdg = 0.66 m from each end), f_bdg = 12.0 applies, giving a higher section modulus requirement of approximately 1259 cm³",The same exclusion in Pt3.Ch6.Sec6 [1.1.2] applies at the support positions: the f_bdg = 12.0 support-region branch of the [2.1.1] formula does not apply to a double-skin double-bottom PSM; no support-region [2.1.1] requirement can be claimed,Same exclusion: support-position result of 1259 cm³ is also not applicable.,Drafted from SME-3 Stage-A free-text comment + v5d per-fact reason quoting source clauses; cross-checked numerically.,
F500_0141,dnv_full_500,SME-3-stageA,fact_repair,6,replaced,The [2.1.1] section modulus formula is applicable here because the member is a transverse PSM (not double skin) and hull girder longitudinal stress is below 0.15 R_eH,"The [2.1.1] section modulus formula is not applicable here because Pt3.Ch6.Sec6 [1.1.2] excludes double-skin PSMs and Pt3.Ch3.Sec7 [1.3.2] classifies double-bottom floors / web frames as double-skin sections, even though the hull-girder longitudinal stress is below 0.15 R_eH","[1.1.2] explicitly excludes double-skin PSMs from [2.1.1]; Pt3.Ch3.Sec7 [1.3.2] classifies double-bottom floors/web frames as double-skin. The fact's premise (""not double skin"") is contradicted by source.",Drafted from SME-3 Stage-A free-text comment + v5d per-fact reason quoting source clauses; cross-checked numerically.,
R500_0036,dnv_full_500,SME-3-stageA,fact_repair,2,replaced,C_YR for BSR-1P fatigue = −1 (independent of f_T),"C_YR for BSR-1P fatigue = 1 (independent of f_T), per Pt3.Ch4.Sec2 Table 11 row a_roll-y | C_YR; the value -1 belongs to the separate C_YG (gravity component) row, not C_YR","Table 11, row ""a_roll-y | C_YR"", BSR-1P column gives ""1""; the ""-1"" in the fact comes from the separate ""g sinθ | C_YG"" row (a different acceleration component).",Drafted from SME-3 Stage-A free-text comment + v5d per-fact reason quoting source clauses; cross-checked numerically.,
