item_id,pool,source_sme,change_type,fact_idx,action,original_text,new_text,sme_note,gpt_rationale,override_reason
R500_0120,dnv_full_500,SME-3,fact_repair,3,replaced,Material factor k for Option B (ReH = 390 N/mm²) is 0.66 (by linear interpolation from Table 2),Material factor k for Option B (ReH = 390 N/mm²) is 0.66 with fatigue assessment or 0.68 without fatigue assessment (as stated in Table 2),"Table 2 has explicit 390 MPa k = 0.66/0.68; k=0.66 only with fatigue assessment, otherwise 0.68. It is not an unconditional interpolation result.",Changed the fact from an unconditional interpolation result to the explicit Table 2 values and their applicability condition.,
R500_0129,dnv_full_500,SME-3,fact_repair,0,replaced,Roll period Tθ ≈ 19.2 s (using default kr = 0.39B = 12.48 m and default GM = 0.07B = 2.24 m),"Roll period Tθ is based on the bulk carrier / ore carrier GM and kr in Pt5 Ch1 Sec2 [5.1.2], not the Pt3 Ch4 Sec3 defaults","Bulk carrier / Ore carrier GM is governed by Pt5 Ch1 Sec2 [5.1.2], not the general default in Pt3 Ch4 Sec3.",Replaced the incorrect Pt3 default GM/kr basis with the Pt5 bulk-carrier/ore-carrier rule reference identified by the SME.,
R500_0129,dnv_full_500,SME-3,fact_repair,1,replaced,"Roll angle θ ≈ 22.7 deg (using fp = fps = 1.0 for extreme sea loads with no service restriction, and fBK = 1.0 for bilge keel fitted)","For Bulk carrier / Ore carrier, roll angle θ is determined from the GM and kr parameters defined in Pt5 Ch1 Sec2 [5.1.2] (using fp = fps = 1.0 for extreme sea loads with no service restriction, and fBK = 1.0 for bilge keel fitted)","Bulk carrier / Ore carrier kr is governed by Pt5 Ch1 Sec2 [5.1.2], not the general default value.",Replaced the general-default numerical roll-angle fact with the bulk-carrier/ore-carrier-specific GM/kr rule reference because Pt5 Ch1 Sec2 [5.1.2] governs those parameters.,
R500_0157,dnv_full_500,SME-3,fact_repair,1,replaced,The vessel will receive the construction symbol ✦ (assigned to vessels built under a recognized classification society and later classed with DNV),The vessel will receive the construction symbol ✠· (assigned to vessels built under a recognized classification society and later classed with DNV),"For conversion from BV class, the construction symbol is not the ordinary DNV star symbol; source indicates the specific converted-class symbol.",Changed the symbol from the ordinary DNV construction symbol to the converted-class symbol ✠· for a vessel transferring from BV.,
F500_0109,dnv_full_500,SME-3,fact_repair,2,replaced_ambiguous,The steel corresponds to the A36/D36/E36/F36 grade family,The steel is cast steel with Rm >= 400,"Ambiguous/unsupported: the source supports cast steel for stern frame and Rm >= 400, but A36/D36/E36/F36 grade family is for rolled hull steels and is not clearly applicable to cast steel.",Replaced the unsupported rolled-steel A36/D36/E36/F36 family reference with the source-supported cast-steel tensile-strength requirement.,
F500_0128,dnv_full_500,SME-3,fact_repair,6,replaced,Envelope transverse acceleration ay-env must be derived from Pt3.Ch4.Sec3 [3.3.2] using aroll-y = aroll × (z − R) combined with the gravity component 0.5g sinθ,Envelope transverse acceleration ay-env must be derived from Pt3.Ch4.Sec3 [3.3.2] using aroll-y = aroll × (z − R) and the envelope combination ay-env = sqrt(asway^2 + (g sinθ + aroll-y)^2),The ay-env expression is not simply 0.5g·sin(theta); it includes g·sin(theta) plus roll/sway terms and the prescribed envelope-combination coefficients.,"Replaced the incorrect 0.5g sinθ term with the full [3.3.2] envelope expression, which combines g sinθ with sway and roll.",
R500_0310,dnv_full_500,SME-3,fact_repair,2,replaced,"Gross required thickness t_gr = min(t + t_c ; 1.25t) = min(19.18 ; 20.23) ≈ 19.18 mm, rounded to 19.5 mm","Gross required thickness t_gr = min(t + t_c ; 1.25t) = min(19.18 ; 20.23) ≈ 19.18 mm, rounded to 19.0 mm","19.18 mm rounded to the nearest 0.5 mm should be 19.0 mm, not 19.5 mm.","Changed the final rounding result because 19.18 mm rounds to 19.0 mm to the nearest 0.5 mm, not 19.5 mm.",
R500_0310,dnv_full_500,SME-3,fact_repair,4,replaced,The as-built plate of 22.0 mm is compliant because t_gr_off (21.5 mm) ≥ t_gr (19.5 mm),The as-built plate of 22.0 mm is compliant because t_gr_off (21.5 mm) ≥ t_gr,"The compliance conclusion may still hold, but the stated rounded required thickness relies on the incorrect 19.5 mm value.",Removed the incorrect 19.5 mm rounded requirement while preserving the compliance comparison against t_gr.,
R500_0356,dnv_full_500,SME-3,fact_repair,3,replaced,"For beam-columns (struts, pillars, cross-ties) under AC-I (static load scenario S), the allowable buckling utilization factor ηall = 0.65","For beam-columns (struts, pillars, cross-ties) in bow-impact checks under AC-II (static plus dynamic load scenario S+D), the allowable buckling utilization factor ηall = 0.75",Bow-impact case should not be checked using the AC-I allowable value; the applicable combined axial/bending acceptance criterion must be used.,"Changed the acceptance criterion from AC-I/S/0.65 to the applicable bow-impact AC-II combined-load criterion, which uses S+D and ηall = 0.75.",
R500_0356,dnv_full_500,SME-3,fact_repair,4,replaced,"The calculated buckling utilization factor of 0.78 exceeds ηall = 0.65, so the arrangement is NOT acceptable and the web frame scantlings must be increased","The calculated buckling utilization factor of 0.78 exceeds the bow-impact AC-II allowable utilization factor ηall = 0.75, so the arrangement is NOT acceptable and the web frame scantlings must be increased","Because the wrong allowable utilization criterion is used, the failure conclusion based on 0.78 > 0.65 is not supported.",Replaced the AC-I limit of 0.65 with the applicable bow-impact AC-II combined-load limit of 0.75.,
R500_0440,dnv_full_500,SME-3,fact_repair,3,replaced,"The condition is triggered here because the plate flange yield strength (355 N/mm²) is lower than the connected PSM yield strength (460 N/mm²), so the arrangement is not acceptable without the additional check.","The condition is not triggered here because the yield-strength difference between the plate flange (355 N/mm²) and the connected PSM (460 N/mm²) is about 29.6%, which is below the 35% threshold for an automatic additional check.","The yield-strength difference between 355 and 460 MPa is about 29.6%, below the 35% threshold, so an automatic additional check is not triggered on this basis.","It changes the comparison from triggering to not triggering because 355 vs 460 is only about 29.6% different, below the 35% threshold.",
R500_0464,dnv_full_500,SME-3,fact_repair,0,replaced,"An additional yield capacity check of the plate flange is required because the plate flange (NV A36, 355 N/mm²) has a lower minimum yield strength than the connected stiffeners (NV A40, 390 N/mm²)","The plate flange (NV A36, 355 N/mm²) has about 9.9% lower minimum yield strength than the connected stiffeners (NV A40, 390 N/mm²), which is below the 35% threshold","The yield-strength difference between 355 and 390 MPa is about 9.9%, below the 35% threshold; the additional yield-capacity check is not required on this basis.",Replaced the defective implication about a required check with the corrected yield-strength comparison and threshold result from the SME note.,
F500_0137,dnv_full_500,SME-3-stageA,fact_repair,2,replaced,"The permissible harbour/sheltered water sagging bending moment criterion is Msw-p ≤ fhar × Mwv + Msw, with fhar = 0.5","The permissible harbour/sheltered water sagging bending moment criterion is M_sw-p ≤ f_har-M × M_wv + M_sw, with f_har-M = 0.9 per Pt5.Ch2.Sec3 [2.3.1] (in lieu of the Pt3.Ch5.Sec2 default f_har = 0.5 for non-container ships)",Pt3.Ch5.Sec2 defines f_har = 0.5 unless otherwise defined in Pt.5; Pt5.Ch2.Sec3 [2.3.1] does otherwise define the container-ship harbour-bending correction as f_har-M = 0.9.,Drafted from SME-3 Stage-A free-text comment + v5d per-fact reason quoting source clauses; cross-checked numerically.,
F500_0137,dnv_full_500,SME-3-stageA,fact_repair,3,replaced,"The permissible harbour sagging bending moment evaluates to 0.5 × 4,200,000 + 7,500,000 = 9,600,000 kNm","The permissible harbour sagging bending moment evaluates to 0.9 × 4,200,000 + 7,500,000 = 11,280,000 kNm","With container-ship f_har-M = 0.9: 0.9 * 4,200,000 + 7,500,000 = 11,280,000 kNm.",Drafted from SME-3 Stage-A free-text comment + v5d per-fact reason quoting source clauses; cross-checked numerically.,
F500_0137,dnv_full_500,SME-3-stageA,fact_repair,4,replaced,"The applied harbour sagging moment of 9,800,000 kNm exceeds the permissible value of 9,600,000 kNm","The applied harbour sagging moment of 9,800,000 kNm does not exceed the permissible value of 11,280,000 kNm","Permissible 11,280,000 kNm, applied 9,800,000 kNm, so applied does not exceed permissible.",Drafted from SME-3 Stage-A free-text comment + v5d per-fact reason quoting source clauses; cross-checked numerically.,
F500_0137,dnv_full_500,SME-3-stageA,fact_repair,5,replaced,The harbour loading condition is not compliant,The harbour loading condition is compliant,Compliance reverses: condition is compliant under the Pt5 container-ship correction.,Drafted from SME-3 Stage-A free-text comment + v5d per-fact reason quoting source clauses; cross-checked numerically.,
R500_0015,dnv_full_500,SME-3-stageA,fact_repair,5,replaced,"GM default = 0.07 × 32 = 2.24 m (general default, since GM not calculated)","GM = 0.25 × B = 0.25 × 32 = 8.0 m, taken from Pt5.Ch1.Sec2 [5.1.2] Table 4 for the bulk-carrier homogeneous-heavy-cargo, partially filled, full-load condition (Pt5 overrides the Pt3.Ch4.Sec3 generic default GM = 0.07 × B for ships with class notation Bulk carrier or Ore carrier)","Pt5.Ch1.Sec2 [5.1.2] sends bulk carriers to Table 4 for GM and k_r in lieu of Pt3 generic defaults; for homogeneous heavy cargo, partially filled, full-load condition Table 4 gives GM = 0.25 × B = 8.0 m.",Drafted from SME-3 Stage-A free-text comment + v5d per-fact reason quoting source clauses; cross-checked numerically.,
R500_0015,dnv_full_500,SME-3-stageA,fact_repair,6,replaced,Roll angle θ ≈ 18.1–18.2 degrees,Roll angle θ must be re-derived using the bulk-carrier-specific k_r = 0.42 × B = 13.44 m (Pt5.Ch1.Sec2 [5.1.2] Table 4) together with GM = 8.0 m and the Pt3.Ch4.Sec3 roll-angle formula; the generic-default-based value of ≈18° derived from k_r = 0.39B / GM = 0.07B is not applicable for a bulk carrier,"With the bulk-carrier-specific k_r = 0.42 × B = 13.44 m and GM = 8.0 m, the roll angle from the Pt3.Ch4.Sec3 formula is materially smaller than the value derived from generic defaults; the question's quantitative roll-angle value must be re-derived rather than left at the generic-default ≈18°.",Drafted from SME-3 Stage-A free-text comment + v5d per-fact reason quoting source clauses; cross-checked numerically.,
R500_0028,dnv_full_500,SME-3-stageA,fact_repair,1,replaced,A deviation of 0.8% is within the ±1% limit and does not by itself prevent certificate issuance,"For onboard certification per [9.6.2], any numerical difference between the installed system output and the approved test conditions prevents certificate issuance, so a 0.8% deviation is by itself a basis for refusal even though it satisfies the ±1% software-approval criterion in [9.5.8]","[9.6.2] says: ""If numerical output from the lashing computer system is different with the approved test conditions, a certificate cannot be issued."" The ±1% criterion in [9.5.8] applies only to software approval against independent calculations, not to onboard certification.",Drafted from SME-3 Stage-A free-text comment + v5d per-fact reason quoting source clauses; cross-checked numerically.,
R500_0128,dnv_full_500,SME-3-stageA,fact_repair,1,replaced,The correct net design pressure for outer shell plating adjacent to a ballast tank under load set TK-1/WB-1 is P_ls-1 + P_ld − P_S,"The correct net design pressure for outer shell plating adjacent to a ballast tank under load set TK-1/WB-1 is P_ls-1 + P_ld - (P_S + P_W), per Pt3.Ch6.Sec2 Table 1 (the ""- P_S"" form in Table 2 is for primary supporting members, not plating)","Table 1 gives WB-1 and TK-1 for plating as ""P_ls-1 + P_ld - (P_S + P_W)"" at T_BAL with AC-II; Table 2's ""- P_S"" expression is for primary supporting members, not plating.",Drafted from SME-3 Stage-A free-text comment + v5d per-fact reason quoting source clauses; cross-checked numerically.,
R500_0210,dnv_full_500,SME-3-stageA,fact_repair,0,replaced,"The equivalent panel width b_eq is approximately 692 mm, computed using b_eq = ℓ1 + ℓ2 × (t1/t2)^1.5 with t1 = 16 mm, ℓ1 = 420 mm, t2 = 20 mm, ℓ2 = 380 mm","For a varying-thickness panel under FE-based / direct-strength buckling assessment, Pt3.Ch8.Sec4 [2.1.2] requires the average net thickness t_avr = Σ A_i t_i / Σ A_i across the panel; with t1 = 16 mm, ℓ_1 = 420 mm and t2 = 20 mm, ℓ_2 = 380 mm: t_avr = (420×16 + 380×20) / (420+380) ≈ 17.9 mm (the equivalent-width formula b_eq = ℓ_1 + ℓ_2(t1/t2)^1.5 belongs to Pt3.Ch8.Sec3 [1.2.1] hull-girder buckling and does not apply here)","Pt3.Ch8.Sec4 [2.1.2] requires average thickness t_avr = ΣA_i t_i / ΣA_i for non-constant-thickness panels. With t1=16, w1=420, t2=20, w2=380: t_avr = (420×16 + 380×20) / (420+380) = (6720+7600)/800 = 17.9 mm. The equivalent-width formula belongs to Pt3.Ch8.Sec3 [1.2.1], the hull-girder buckling subsection, not the direct-strength buckling rules.",Drafted from SME-3 Stage-A free-text comment + v5d per-fact reason quoting source clauses; cross-checked numerically.,
R500_0210,dnv_full_500,SME-3-stageA,fact_repair,4,replaced,The buckling check for the varying-thickness panel shall be performed using the smaller plate thickness t1 = 16 mm combined with the equivalent width b_eq,"The buckling check for the varying-thickness panel shall be performed using the average net thickness t_avr ≈ 17.9 mm across the full panel width per Pt3.Ch8.Sec4 [2.1.2], not the smaller plate thickness t1 = 16 mm combined with an equivalent width","Buckling check for varying-thickness panel under direct-strength assessment uses t_avr = 17.9 mm across the full panel width, not t1 = 16 mm with an equivalent width.",Drafted from SME-3 Stage-A free-text comment + v5d per-fact reason quoting source clauses; cross-checked numerically.,
R500_0277,dnv_full_500,SME-3-stageA,fact_repair,5,replaced,The minimum required gross section modulus at deck from the vertical bending strength check is 24.0 m³,"The minimum required gross section modulus at deck from the vertical bending strength check is Z_D-gr,min = |M_sw + M_wv| / σ_perm × 10^-3 = (4,200,000 + 2,800,000) / 175 × 10^-3 = 40.0 m³ (Pt3.Ch5.Sec2 [1.4.1])","Pt3.Ch5.Sec2 [1.4.1] gives Z_gr = |M_sw + M_wv| / σ_perm × 10^-3. With M_sw = 4,200,000 + M_wv = 2,800,000 kNm and σ_perm = 175 N/mm²: Z_gr = 7,000,000 / 175 × 10^-3 = 40.0 m³.",Drafted from SME-3 Stage-A free-text comment + v5d per-fact reason quoting source clauses; cross-checked numerically.,
R500_0277,dnv_full_500,SME-3-stageA,fact_repair,6,replaced,The provided Z_D-gr = 24.8 m³ exceeds the minimum of 24.0 m³ and is therefore compliant,The provided Z_D-gr = 24.8 m³ is below the minimum of 40.0 m³ and therefore does not satisfy the vertical bending strength section-modulus requirement,"Provided Z_D-gr = 24.8 m³ is below the 40.0 m³ minimum, so the section modulus criterion at deck is not satisfied.",Drafted from SME-3 Stage-A free-text comment + v5d per-fact reason quoting source clauses; cross-checked numerically.,
R500_0295,dnv_full_500,SME-3-stageA,fact_repair,1,replaced,"For longitudinal stiffened plating under AC-II, the coefficients are βa = 1.10, αa = 0.50, Ca-max = 1.00","For longitudinal stiffened plating under AC-II per Sec.4 Table 1, the coefficients are β_a = 1.05, α_a = 0.50, C_a-max = 0.95","Table 1 row for Longitudinal stiffened plating under AC-II gives β_a = 1.05, α_a = 0.50, C_a-max = 0.95 — not 1.10/0.50/1.00.",Drafted from SME-3 Stage-A free-text comment + v5d per-fact reason quoting source clauses; cross-checked numerically.,
R500_0295,dnv_full_500,SME-3-stageA,fact_repair,2,replaced,"Ca = 1.10 − 0.50 × (110/315) ≈ 0.925, which is below Ca-max = 1.00 so no cap is applied","C_a = 1.05 - 0.50 × (110/315) ≈ 0.875, which is below C_a-max = 0.95 so no cap is applied","C_a = β_a - α_a × σ_hg / R_eH = 1.05 - 0.50 × (110/315) ≈ 0.875, below the 0.95 cap so no cap is applied.",Drafted from SME-3 Stage-A free-text comment + v5d per-fact reason quoting source clauses; cross-checked numerically.,
R500_0295,dnv_full_500,SME-3-stageA,fact_repair,4,replaced,Minimum net plate thickness t ≈ 9.1 mm (acceptable range 9.0–9.2 mm),Minimum net plate thickness t ≈ 9.4 mm (acceptable range 9.3-9.5 mm),"t = 0.0158 × α_p × b × sqrt(P / (C_a × R_eH)) with α_p = 1.0, b = 820, P = 145, C_a = 0.875, R_eH = 315 gives t ≈ 9.4 mm.",Drafted from SME-3 Stage-A free-text comment + v5d per-fact reason quoting source clauses; cross-checked numerically.,
F500_0040,dnv_full_500,SME-3-stageA,fact_repair,1,replaced,The applicable slenderness coefficients for a T-bar PSM web are C_w = 75 and for the flange C_f = 12,"The applicable PSM slenderness coefficients per Pt3.Ch8.Sec2 [4.1.1] are C_w = 100 (single-skin) or 125 (double-skin) for the web plate; the flange coefficient C_f is taken from Table 2, which gives C_f = 12 for T-bars","Sec.2 [4.1.1] gives PSM web-plate coefficient C_w = 125 for double-skin construction and C_w = 100 elsewhere; the T-bar value C_w = 75 is the stiffener rule from [3.1.1], not the PSM rule.",Drafted from SME-3 Stage-A free-text comment + v5d per-fact reason quoting source clauses; cross-checked numerically.,
F500_0040,dnv_full_500,SME-3-stageA,fact_repair,2,replaced,Web plate minimum thickness requirement: t_w ≥ h_w / C_w × sqrt(R_eH/235) = 320/75 = 4.27 mm; actual 8 mm complies,PSM web-plate minimum thickness requirement: t_w ≥ s_w / C_w × sqrt(R_eH / 235) per Pt3.Ch8.Sec2 [4.1.1] with s_w = web-stiffener spacing and C_w = 100 (single-skin); the requirement cannot be evaluated against h_w / 75 (which is the stiffener rule from [3.1.1]),"PSM web-thickness requirement per Sec.2 [4.1.1] is t_w ≥ s_w/C_w × sqrt(R_eH/235) using web-stiffener spacing s_w; the h_w/75 form applies the stiffener rule, not the PSM rule.",Drafted from SME-3 Stage-A free-text comment + v5d per-fact reason quoting source clauses; cross-checked numerically.,
F500_0141,dnv_full_500,SME-3-stageA,fact_repair,3,replaced,The minimum required section modulus at mid-span Z ≈ 630 cm³ (calculated as 1000 × 85 × 3.6 × 3.30² / (24.0 × 0.70 × 315)),The Pt3.Ch6.Sec6 [2.1.1] prescriptive section-modulus formula does not apply to this member because Pt3.Ch6.Sec6 [1.1.2] excludes double-skin primary supporting members and Pt3.Ch3.Sec7 [1.3.2] identifies double-bottom floors / web frames as double-skin sections; the section modulus must instead be assessed by direct strength / FE analysis per Ch.6 Sec.6 [1.1.2],[1.1.2] excludes double-skin PSMs; the 630 cm³ figure is computed from a formula that does not apply to a double-bottom floor/web frame.,Drafted from SME-3 Stage-A free-text comment + v5d per-fact reason quoting source clauses; cross-checked numerically.,
F500_0141,dnv_full_500,SME-3-stageA,fact_repair,4,replaced,"At support positions (within 0.2 × ℓ_bdg = 0.66 m from each end), f_bdg = 12.0 applies, giving a higher section modulus requirement of approximately 1259 cm³",The same exclusion in Pt3.Ch6.Sec6 [1.1.2] applies at the support positions: the f_bdg = 12.0 support-region branch of the [2.1.1] formula does not apply to a double-skin double-bottom PSM; no support-region [2.1.1] requirement can be claimed,Same exclusion: support-position result of 1259 cm³ is also not applicable.,Drafted from SME-3 Stage-A free-text comment + v5d per-fact reason quoting source clauses; cross-checked numerically.,
F500_0141,dnv_full_500,SME-3-stageA,fact_repair,6,replaced,The [2.1.1] section modulus formula is applicable here because the member is a transverse PSM (not double skin) and hull girder longitudinal stress is below 0.15 R_eH,"The [2.1.1] section modulus formula is not applicable here because Pt3.Ch6.Sec6 [1.1.2] excludes double-skin PSMs and Pt3.Ch3.Sec7 [1.3.2] classifies double-bottom floors / web frames as double-skin sections, even though the hull-girder longitudinal stress is below 0.15 R_eH","[1.1.2] explicitly excludes double-skin PSMs from [2.1.1]; Pt3.Ch3.Sec7 [1.3.2] classifies double-bottom floors/web frames as double-skin. The fact's premise (""not double skin"") is contradicted by source.",Drafted from SME-3 Stage-A free-text comment + v5d per-fact reason quoting source clauses; cross-checked numerically.,
R500_0036,dnv_full_500,SME-3-stageA,fact_repair,2,replaced,C_YR for BSR-1P fatigue = −1 (independent of f_T),"C_YR for BSR-1P fatigue = 1 (independent of f_T), per Pt3.Ch4.Sec2 Table 11 row a_roll-y | C_YR; the value -1 belongs to the separate C_YG (gravity component) row, not C_YR","Table 11, row ""a_roll-y | C_YR"", BSR-1P column gives ""1""; the ""-1"" in the fact comes from the separate ""g sinθ | C_YG"" row (a different acceleration component).",Drafted from SME-3 Stage-A free-text comment + v5d per-fact reason quoting source clauses; cross-checked numerically.,
R500_0022,dnv_full_500,annotatorA,fact_repair,3,replaced,"λ_f = 0.944 does not exceed λ_fperm = 1.0, so the detail complies with the acceptance criteria","λ_f = 0.944 does not exceed the AC-I permitted value λ_fperm = 1.36f_f or 1.2f_f, depending on weld adjacency, so the detail complies with the acceptance criteria","λ_f=0.944 is compliant, but λ_fperm=1.0 is not the AC-I table value; AC-I gives 1.36ff / 1.2ff depending on weld adjacency, with ff=1.0 generally.",This replaces the incorrect fixed permitted value of 1.0 with the AC-I table values cited by the SME while preserving the original compliance conclusion.,
R500_0033,dnv_full_500,annotatorA,fact_repair,0,replaced,"The stiffener web is an internal member within the ballast water tank, giving t_c = 2*1.0 + 0.5 = 2.5 mm before capping","The stiffener web uses the boundary-member branch based on its connection to attached plating, giving t_c = 1.0 + 1.0 + 0.5 = 2.5 mm before capping","stiffener corrosion addition is determined by its connection to attached plating; use boundary tc = tc1+tc2+tres, not the internal-member 2tc1+tres branch.",Changed the corrosion-addition branch from the internal-member formula to the boundary formula tied to attached plating.,
R500_0033,dnv_full_500,annotatorA,fact_repair,2,replaced,"Per the multi-value rule, the largest value (2.5 mm) governs for the web","Per the stiffener-connection rule, the boundary value, not the 2.5 mm internal-member value, governs for the web",the 'largest value' rule does not make the 2.5 mm internal-member branch govern after the stiffener-connection rule selects the boundary value.,Changed the governing basis to the stiffener-connection rule because it selects the boundary branch rather than the 2.5 mm internal-member branch.,
R500_0033,dnv_full_500,annotatorA,fact_repair,4,replaced,"Since 2.5 mm exceeds 2.4 mm, the total corrosion addition is capped at t_c = 2.4 mm","Since 2.0 mm is below 2.4 mm, the total corrosion addition remains t_c = 2.0 mm","applicable tc is 2.0 mm, below the 2.4 mm cap, so it is not capped to 2.4 mm.",Changed the applicable corrosion addition to 2.0 mm and removed the incorrect 2.4 mm cap because the value does not exceed the cap.,
R500_0058,dnv_full_500,annotatorA,fact_repair,5,replaced,The minimum net thickness tmCG of the centre girder is approximately 14.4 mm (after applying the ftCG factor),The minimum net thickness tmCG of the centre girder is approximately 9.5 mm,"tmCG is given directly by h/haCG·(h/120+1.3)·sqrt(k); with h=1358 and haCG=1800 it is about 9.5 mm, not 14.4 mm from applying ftCG.","Changed the value from 14.4 mm to about 9.5 mm because tmCG is calculated directly from the tmCG formula, not by applying the ftCG factor.",
R500_0077,dnv_full_500,annotatorA,fact_repair,1,replaced,"For transversely orientated full penetration plate butt welds, the required NDT is 20% UT only (RT/UT column); MT/PT is not required (shown as '--')","For transversely orientated full penetration plate butt welds, the required NDT is 20% UT (RT/UT column) and 20% MT/PT; it is not UT only.",Table 1 supports both MT/PT 20 for transverse/vertical weld joints including full penetration butt joints and UT 20 for transverse/vertical full penetration plate butt welds; not UT-only.,Changed the fact from UT-only to both 20% UT and 20% MT/PT because Table 1 shows MT/PT 20 also applies to transverse/vertical full penetration butt joints.,
R500_0077,dnv_full_500,annotatorA,fact_repair,4,replaced,The plan's 20% MT on transversely orientated full penetration butt welds is not required by Table 1 and is therefore non-compliant with the minimum (excess is not prohibited but the plan misidentifies the method),The plan's 20% MT on transversely orientated full penetration butt welds is required by the MT/PT 20 row in Table 1.,the plan's 20% MT on transverse full penetration butt welds is required by the MT/PT 20 row; it is not an unnecessary/non-compliant method.,Changed the fact from stating the 20% MT was unnecessary/non-compliant to stating that Table 1 requires it.,
R500_0077,dnv_full_500,annotatorA,fact_repair,6,replaced_ambiguous,"NV 47 steel is ferromagnetic, so footnote 1 mandates MT (not PT) where magnetic particle testing is specified",Footnote 1 mandates MT (not PT) for ferromagnetic materials where magnetic particle testing is specified,"the footnote says only MT for ferromagnetic materials, but the provided DNV excerpt does not expressly state NV 47 steel is ferromagnetic.",Removed the unsupported claim that NV 47 steel is ferromagnetic and kept only the footnote’s stated rule.,
R500_0148,dnv_full_500,annotatorA,fact_repair,2,replaced,Table 1 requires a minimum of 5 watertight transverse bulkheads for this length range,Table 1 requires a minimum of 4 watertight transverse bulkheads for this length range with an aft engine room arrangement,"Table 1 has separate branches for 85<L≤105: aft engine room gives 4, elsewhere gives 5; the conventional aft-engine-room arrangement does not support an unconditional value of 5.",Changed the unconditional value from 5 to the aft-engine-room value of 4 because Table 1 splits this length range by engine-room location.,
R500_0148,dnv_full_500,annotatorA,fact_repair,3,replaced,The proposed arrangement of 4 bulkheads does not meet the minimum requirement,"On the aft-engine-room branch, the proposed arrangement of 4 transverse watertight bulkheads meets the minimum requirement","on the aft-engine-room branch, the proposed four transverse watertight bulkheads meet the minimum requirement.",Changed the applicability to the aft-engine-room branch and reversed the compliance outcome per the SME note.,
R500_0148,dnv_full_500,annotatorA,fact_repair,4,replaced,The arrangement is non-compliant and at least one additional watertight transverse bulkhead must be provided,The watertight transverse bulkhead arrangement is non-compliant.,the conclusion that one additional bulkhead is required follows from the wrong table branch.,Removed the unsupported claim that one additional bulkhead is required because it was derived from the wrong table branch.,
R500_0177,dnv_full_500,annotatorA,fact_repair,3,replaced,C_YR for BSR-1P (fatigue) = −1,C_YR for BSR-1P (fatigue) = 1,Table 11 gives CYR = 1 for BSR-1P; -1 applies to a different BSR column.,Changed the value from -1 to 1 because Table 11 assigns C_YR = 1 to the BSR-1P column.,
F500_0025,dnv_full_500,annotatorA,fact_repair,0,replaced,"The NV 47 coaming plate at 72 mm thickness triggers the additional requirements of Sec10 [1.1.2], which mandates application of the fatigue requirements in Sec7.",The NV 47 coaming plate at 72 mm thickness triggers the additional requirements of Sec10 [3] under Sec10 [1.1.2].,Sec10 [1.1.2] triggers Sec10 subsection [3] additional requirements; it does not mandate Sec7 fatigue requirements.,Replaced the incorrect reference to Sec7 fatigue requirements with the correct trigger to the additional requirements in Sec10 [3].,
F500_0025,dnv_full_500,annotatorA,fact_repair,4,replaced,The loading conditions used in the fatigue assessment shall be in accordance with the loads section of the same chapter (Sec3 [5]).,The loading conditions used in the fatigue assessment shall be in accordance with Pt3 Ch9.,the cited Sec3 [5] loading-condition reference is not supported; Sec7 points fatigue loading assumptions/conditions to Pt3 Ch9.,"Replaced the unsupported Sec3 [5] cross-reference with Pt3 Ch9, which Sec7 points to for fatigue loading conditions.",
F500_0041,dnv_full_500,annotatorA,fact_repair,2,replaced,Structural verification of the sloshing pressure must follow the plating and stiffener scantling method referenced in the bow impact section of the same chapter (Sec1 [3.1]),Structural verification of the sloshing pressure must follow the plating and stiffener scantling method referenced in the sloshing scantling section of the same chapter (Sec4 [3.1]),"Sec4 [1.1.3] refers to Sec4 [3.1] for sloshing scantling requirements, not the bow-impact Sec1 [3.1].",The cited cross-reference was corrected from the bow-impact provision in Sec1 [3.1] to the sloshing scantling provision in Sec4 [3.1] as specified by Sec4 [1.1.3].,
F500_0055,dnv_full_500,annotatorA,fact_repair,3,replaced,"For the distributed longitudinal stress case, the plate thickness for the buckling check is based on the equivalent plate panel concept using the smaller thickness (12.0 mm) where thickness varies across the panel","For the distributed longitudinal stress case, the plate thickness for the buckling check is based on the average thickness where thickness varies across the panel","for non-constant panel thickness, Sec4 [2.1.2] uses average thickness; the 12.0 mm smaller-thickness equivalent-panel rule is not the applicable branch here.",Changed the non-constant-thickness rule from the smaller 12.0 mm equivalent-panel thickness to the average thickness specified in Sec4 [2.1.2].,
F500_0072,dnv_full_500,annotatorA,fact_repair,1,replaced,The minimum net web thickness from the PSM slenderness requirement is 8.0 mm (h_w/C_w × sqrt(R_eH/235) = 600/75 × 1.0),"The minimum net web thickness from the PSM slenderness requirement is determined by s_w/C_w × sqrt(R_eH/235), with C_w = 100 elsewhere or 125 for double skin construction.","PSM web slenderness uses sw/Cw with Cw=100 or 125, not hw/75; Cw=75 is for angle/T-bar stiffeners, not this PSM web plate.",Replaced the incorrect h_w/75 angle/T-bar formulation with the PSM web-plate slenderness rule using s_w and the correct C_w values.,
F500_0072,dnv_full_500,annotatorA,fact_repair,2,replaced,The proposed 8 mm net thickness exactly satisfies the slenderness limit and is not below the minimum,The proposed 8 mm net thickness is not the exact slenderness limit under the applicable PSM rule,"8 mm is not the exact slenderness limit under the applicable PSM rule, although it may still exceed the corrected minimum.",Replaced the incorrect exact-limit claim with the SME-corrected statement and dropped the unsupported minimum portion.,
R500_0234,dnv_full_500,annotatorA,fact_repair,2,replaced,The design still water torsional moment Mst must be taken as the maximum absolute value across all design loading conditions at the section.,"The design still water torsional moment Mst is the design still water torsional moment in seagoing condition at the hull transverse section being considered, as defined in Sec4 [2.3.1].",the provided source defines Mst through Sec4 [2.3] rather than a maximum-absolute-value selection over loading conditions; the asserted rule is unsupported.,Changed the unsupported maximum-over-loading-conditions rule to the source’s actual Sec4 [2.3.1] definition of Mst.,
R500_0234,dnv_full_500,annotatorA,fact_repair,4,replaced,"The proposed Mst = +18,400 kNm is incorrect; the correct value is Mst = 22,100 kNm.","The proposed Mst = +18,400 kNm is incorrect.","the 22,100 kNm correction depends on the unsupported max-absolute rule, so the proposed correction is not source-supported.","Removed the unsupported 22,100 kNm replacement value because it relies on a max-absolute rule not supported by the source.",
R500_0294,dnv_full_500,annotatorA,fact_repair,1,replaced,"Roll radius of gyration kr = 0.39B = 12.48 m (default, no bilge-keel-specific default for general ships)",Roll radius of gyration kr is per Pt5 Ch1 Sec2 [5.1.2] for Bulk carrier/Ore carrier (not the general kr = 0.39B default).,"for Bulk carrier/Ore carrier, GM and kr are redirected to Pt5 Ch1 Sec2 [5.1.2]; the general kr=0.39B branch should not be used directly.",Replaced the general kr = 0.39B default with the rule-specific provision because Bulk carrier/Ore carrier redirects kr to Pt5 Ch1 Sec2 [5.1.2].,
R500_0294,dnv_full_500,annotatorA,fact_repair,2,replaced_ambiguous,Roll period Tθ ≈ 19.2 s (computed via Tθ = 2.3π·kr / √(g·GM) with GM = 2.24 m),"Roll period Tθ is computed via Tθ = 2.3π·kr / √(g·GM), using GM = 2.24 m.","the roll-period formula is supported, but the numeric result depends on the bulk-carrier kr/GM branch, which is cross-referenced outside the shown source.",Removed the unsupported 19.2 s numeric result because it depends on an external bulk-carrier kr/GM branch not shown in the source.,
R500_0294,dnv_full_500,annotatorA,fact_repair,4,replaced_ambiguous,Roll angle θ ≈ 22.7 deg (computed via the roll angle formula in the ship motions section),Roll angle θ is computed via the roll angle formula in the ship motions section,"the roll-angle formula is supported, but the stated numeric value depends on the unverified bulk-carrier roll period.","Removed the unsupported ≈22.7 deg value because it depends on an unverified bulk-carrier roll period, while keeping the source-supported computation method.",
F500_0087,dnv_full_500,annotatorA,fact_repair,1,replaced,The roll period formula Tθ = 2·kr/√GM gives Tθ ≈ 17.1 s,The roll period formula Tθ = 2.3πkr/√(gGM) gives Tθ ≈ 19.8 s,"roll period is Tθ = 2.3πkr/sqrt(gGM), not 2kr/sqrt(GM); with the given values it is about 19.8 s, not 17.1 s.",The fact was corrected to use the proper roll-period formula and resulting approximate value from the SME note.,
F500_0100,dnv_full_500,annotatorA,fact_repair,0,replaced,The static internal pressure for the tank boundary at the load point uses the formula P_ℓs-1 = f_cd × ρ_L × g × (z_top − z) + P_PV because the tank is fitted with a pressure relief valve,The static internal pressure for the water ballast tank boundary at the load point uses the formula P_ℓs-3 = ρ_L × g × (z_top − z) + P_0 because it follows the water-ballast-tank branch rather than the pressure-relief-valve cargo-tank branch,"static water-ballast-tank boundary pressure uses the Pℓs-3/P0 branch, not the cargo-tank pressure-relief-valve Pℓs-1/PPV branch.",Replaced the cargo-tank P_ℓs-1/P_PV formula with the water-ballast-tank P_ℓs-3/P_0 formula per the SME note.,
F500_0100,dnv_full_500,annotatorA,fact_repair,2,replaced,P_ℓs-1 ≈ 166.6 kN/m² (calculated as 1.025 × 9.81 × 12.1 + 45),P_ℓs-1 ≈ 146.7 kN/m² (calculated as 1.025 × 9.81 × 12.1 + 25),"for L≥100, P0=25 applies here, giving about 146.7 kN/m², not 166.6 kN/m² using +45.",Replaced the incorrect +45 term with +25 because the L≥100 condition makes P0 = 25 applicable here.,
F500_0100,dnv_full_500,annotatorA,fact_repair,3,replaced,The pressure relief valve arrangement does govern the static pressure formula (PV branch selected),The pressure relief valve arrangement does not govern the static pressure formula for this ballast tank (PPV branch not selected),the pressure relief valve does not govern the static formula for this ballast tank; PPV is for cargo tanks with pressure relief valves.,"Changed the fact from governing to not governing because PPV applies to cargo tanks with pressure relief valves, not this ballast tank.",
F500_0100,dnv_full_500,annotatorA,fact_repair,5,replaced,The two pressures are distinct: ~166.6 kN/m² for the tank boundary load point and 12 kN/m² for the internal structural member web,The two pressures are distinct: ~146.7 kN/m² for the tank boundary load point and 12 kN/m² for the internal structural member web,"the internal-web pressure 12 kN/m² is distinct, but the tank-boundary pressure should be about 146.7 kN/m², not 166.6 kN/m².","Corrected the tank-boundary pressure from ~166.6 to ~146.7 kN/m² per the SME note, while keeping the internal-web pressure unchanged.",
F500_0105,dnv_full_500,annotatorA,fact_repair,4,replaced,The allowable buckling utilization factor for S+D loading under AC-II is 0.90,"The allowable buckling utilization factor for plates, stiffeners, and stiffened panels under AC-II S+D loading is 1.00","AC-II S+D allowable buckling utilization for plates/stiffeners/stiffened panels is 1.00, not 0.90; 0.90 belongs to corrugations.","Changed the factor from 0.90 to 1.00 and specified the applicable members, since 0.90 applies to corrugations instead.",
F500_0105,dnv_full_500,annotatorA,fact_repair,5,replaced,The calculated utilization factor of 0.87 is compliant (0.87 < 0.90),The calculated utilization factor of 0.87 is compliant (0.87 < 1.00),"the compliance conclusion is correct, but the comparison should be 0.87 < 1.00, not 0.87 < 0.90.",Updated the threshold in the comparison from 0.90 to 1.00 to match the correct compliance criterion.,
R500_0342,dnv_full_500,annotatorA,fact_repair,3,replaced,"The applicable HSM-1 wave pressure branch below the waterline is PW = PW,WL − ρg(z − TLC)","The applicable HSM-1 wave pressure branch below the waterline is PW = max(−PHS, ρg(z − TLC))","for z≤TLC under HSM-1, Table 20 uses the below-waterline max{...} branch; PW=PW,WL−ρg(z−TLC) is the above-waterline/middle branch.",Replaced the middle/above-waterline branch with the Table 20 below-waterline max branch for HSM-1.,
R500_0394,dnv_full_500,annotatorA,fact_repair,2,replaced,The permissible hull girder bending stress formula is σperm = (175/k) · fr,"The permissible hull girder bending stress is position-dependent, with σperm = 125/k, 175/k, or 125/k, not (175/k) · fr.","Pt3 Ch5 Sec2 [1.4.1] gives σperm by position as 125/k, 175/k, or 125/k; it does not multiply the stress limit by fr.","Replaced the incorrect single formula with the position-dependent limits stated in Pt3 Ch5 Sec2 [1.4.1], which do not include multiplication by fr.",
R500_0394,dnv_full_500,annotatorA,fact_repair,3,replaced,"With k = 0.72 and fr = 0.8, σperm = (175/0.72) × 0.8 ≈ 194.4 N/mm²","With k = 0.72, the midship value is σperm = 175/0.72 ≈ 243.1 N/mm²","using fr gives 194.4 N/mm², but the midship value with k=0.72 is 175/0.72≈243.1 N/mm².",Removed the fr multiplier because the SME note specifies the midship value at k = 0.72 is 175/0.72 ≈ 243.1 N/mm².,
F500_0157,dnv_full_500,annotatorA,fact_repair,5,replaced,The standard s×s cargo hold mesh stress result is compared against the area-weighted von Mises stress acceptance criterion without further mesh correction in this case,The standard s×s cargo hold mesh shell stress result is evaluated at element centroids rather than using area-weighted averaging in this case,"standard s×s cargo hold mesh shell stresses are evaluated at element centroids; area-weighted averaging applies to finer mesh cases, not the standard mesh result.",Changed the evaluation method from area-weighted averaging to element-centroid shell stresses because area-weighted averaging applies only to finer mesh cases.,
R500_0400,dnv_full_500,annotatorA,fact_repair,0,replaced,"For high-strength steel with ReH = 315 N/mm², the material factor k = (235/315) ≈ 0.747, which is less than 1.0","For high-strength steel with ReH = 315 N/mm², Table 2 gives the material factor k = 0.78",Table 2 gives k=0.78 for ReH=315 N/mm²; k=235/315≈0.747 is not the rule value.,Replaced the calculated ratio 235/315≈0.747 with the Table 2 rule value of k = 0.78 for ReH = 315 N/mm².,
R500_0404,dnv_full_500,annotatorA,fact_repair,1,replaced,"Because the plate flange yield stress (390 N/mm²) is lower than the connected T-bar stiffener yield stress (460 N/mm²), an additional yield capacity check of the plate flange is required; the designer's proposal to omit this check is not acceptable.","Because the connected T-bar stiffener yield stress (460 N/mm²) exceeds the plate flange yield stress (390 N/mm²) by only about 17.9%, not more than 35%, an additional yield capacity check of the plate flange is not required.","the different-material check is mandatory only when stiffener yield exceeds attached plate yield by more than 35%; 460 vs 390 is about 17.9%, so the required-check conclusion is wrong.",Changed the conclusion to reflect that the different-material check is mandatory only when the stiffener yield exceeds the attached plate yield by more than 35%.,
R500_0414,dnv_full_500,annotatorA,fact_repair,1,replaced_ambiguous,"The whipping amplification factor γ_WH does not apply because the bow flare angle (48°) and contract speed (22 kn) do not exceed the thresholds (α > 55° and V > 25 kn), so γ_W = 1.2","The bow flare angle (48°) and contract speed (22 kn) do not by themselves determine whether the whipping amplification factor γ_WH applies, because α > 55° and V > 25 kn are guidance-note triggers for advanced assessment and the Pt5 Ch2 Sec4 [2.6.2] branch also depends on breadth B","α>55° and V>25 kn are guidance-note triggers for advanced assessment, not the rule for switching γWH on/off; breadth B is not provided to resolve the Pt5 Ch2 Sec4 [2.6.2] branch.","Removed the unsupported conclusion that γ_WH is off and γ_W = 1.2, and corrected α and V to their source role as advanced-assessment triggers rather than on/off criteria.",
R500_0414,dnv_full_500,annotatorA,fact_repair,3,replaced,γ_DB = 1.25 applies in hogging because the vessel has class notation HC(M) and alternate loading conditions are included in the loading manual,γ_DB = 1.15 applies in hogging under Pt5 Ch2 Sec4 [2.6.1] for container ships,"container-ship Pt5 Ch2 Sec4 overrides the general Pt3 factor; γDB is 1.15 for hogging under [2.6.1], not 1.25.",Changed the hogging factor from 1.25 to 1.15 because Pt5 Ch2 Sec4 [2.6.1] overrides the general Pt3 factor.,
R500_0414,dnv_full_500,annotatorA,fact_repair,4,replaced,γ_R = γ_M × γ_DB = 1.1 × 1.25 = 1.375,γ_R = γ_M × γ_DB = 1.05 × 1.15 = 1.2075,"γM=1.05 and γDB=1.15 under Pt5 [2.6.1], so γR≈1.2075, not 1.375.","Replaced 1.1 and 1.25 with the Pt5 [2.6.1] values 1.05 and 1.15, yielding γ_R = 1.2075.",
R500_0414,dnv_full_500,annotatorA,fact_repair,5,replaced,"The allowable moment M_U / γ_R = 18,000,000 / 1.375 ≈ 13,091,000 kNm","The allowable moment M_U / γ_R = 18,000,000 / 1.2075 ≈ 14,907,000 kNm",the allowable moment based on γR=1.375 is wrong; using γR≈1.2075 gives about 14.907 million kNm.,"This corrects the resistance factor from 1.375 to approximately 1.2075, which yields an allowable moment of about 14.907 million kNm.",
R500_0414,dnv_full_500,annotatorA,fact_repair,6,replaced,"The cross-section does NOT satisfy the hull girder ultimate strength criterion because M = 13,540,000 kNm exceeds M_U / γ_R ≈ 13,091,000 kNm","The cross-section satisfies the hull girder ultimate strength criterion because, using the Pt5 factors, M = 13,540,000 kNm is below the corrected allowable moment M_U / γ_R","using the Pt5 factors, 13.540 million kNm is below the corrected allowable moment, so the stated failure conclusion is wrong.","The failure conclusion is reversed because the SME note states that 13.540 million kNm is below, not above, the corrected allowable moment when the Pt5 factors are used.",
R500_0418,dnv_full_500,annotatorA,fact_repair,2,replaced,"For the hogging condition with class notation HC(M) and alternate loading conditions included in the loading manual, γ_DB = 1.25","For container ships, for the hogging condition with class notation HC(M) and alternate loading conditions included in the loading manual, γ_DB = 1.15","for container ships, Pt5 Ch2 Sec4 [2.6.1] overrides Pt3 and gives γDB=1.15 for hogging, not 1.25.",Changed γ_DB from 1.25 to 1.15 and limited the fact to container ships because Pt5 Ch2 Sec4 [2.6.1] overrides Pt3 for hogging.,
R500_0418,dnv_full_500,annotatorA,fact_repair,3,replaced,The correct combined partial safety factor is γ_R = γ_M × γ_DB = 1.1 × 1.25 = 1.375,The applicable combined partial safety factor is γ_R = γ_M × γ_DB = 1.05 × 1.15 = 1.2075,"the applicable γR is 1.05×1.15≈1.2075, not 1.1×1.25=1.375.",Replaced the incorrect factor components and product with the SME-specified applicable values.,
R500_0418,dnv_full_500,annotatorA,fact_repair,4,replaced,The designer's applied value of γ_R = 1.21 (using γ_DB = 1.1) is non-conservative and incorrect for this vessel,The designer's decomposition of the applied value γ_R = 1.21 using γ_DB = 1.1 is incorrect for this vessel,"the combined value 1.21 is effectively the correct rounded Pt5 value; only the designer's decomposition is wrong, not the combined factor.",This keeps the applied combined factor 1.21 as acceptable and limits the defect to the designer's decomposition using γ_DB = 1.1.,
R500_0418,dnv_full_500,annotatorA,fact_repair,5,replaced,γ_DB = 1.1 applies only to 'all other cases' in hogging; the HC(M) with alternate loading condition triggers the higher γ_DB = 1.25,"For this container-ship check, the Pt5 Ch2 Sec4 requirement governs γ_DB in hogging; the general Pt3 'all other cases' / HC(M) alternate-loading split does not apply",the general Pt3 'all other cases' / HC(M) distinction is overridden by Pt5 Ch2 Sec4 for this container-ship check.,Changed the fact from the generic Pt3 HC(M)/'all other cases' distinction to the ship-type-specific Pt5 Ch2 Sec4 applicability for this container-ship check.,
R500_0488,dnv_full_500,annotatorA,fact_repair,0,replaced,The designer's claim is incorrect; an additional yield capacity check of the plate flange is required when the plate flange yield strength is lower than the connected stiffener yield strength,The designer's claim is correct; an additional yield capacity check of the plate flange is required only when the connected stiffener yield strength exceeds the plate flange yield strength by more than 35%,"a lower-yield plate flange does not automatically require the additional check; the mandatory trigger is stiffener yield exceeding plate yield by more than 35%, which is not met.","Changed the trigger from any lower plate yield to the specific >35% stiffener-over-plate yield threshold, so the designer's claim is not incorrect on this basis.",
R500_0488,dnv_full_500,annotatorA,fact_repair,2,replaced,The mismatch condition is triggered because the plate flange minimum yield strength (315 N/mm²) is lower than the stiffener minimum yield strength (390 N/mm²),The Sec5 [1.1.4] mismatch condition is not triggered because the stiffener minimum yield strength (390 N/mm²) is only about 24% above the plate flange minimum yield strength (315 N/mm²),"390 is only about 24% above 315, so the Sec5 [1.1.4] mismatch condition is not triggered on these numbers.",Changed the fact from triggered to not triggered because 390 is only about 24% above 315 per the SME note.,
R500_0003,dnv_full_500,annotatorB,fact_repair,2,replaced,"Load sets TK-1/WB-1 (Pls-1 + Pld − PS, ballast draught, AC-II), TK-2/WB-3 (Pls-ST − PS, ballast draught, AC-III), and TK-3/WB-4 (Pls-3 − PS, ballast draught, AC-I) apply, with the subtraction of PS reflecting the net-difference rule.","Load sets TK-1/WB-1 (Pls-1 + Pld − (PS + PW), ballast draught, AC-II), TK-2/WB-3 (max(Pls-4; Pls-ST) − PS, ballast draught, AC-III), and TK-3/WB-4 (Pls-3 − PS, ballast draught, AC-I) apply, with the subtraction terms reflecting the net-difference rule.",事实中 WB-1 的载荷组合写作 Pls-1+Pld−PS，但 Table 1 中 WB-1 行明确为 Pls-1+Pld−(PS+PW)，缺少了 PW 项。WB-3 写作 Pls-ST−PS，但 Table 1 中 WB-3 为 max(Pls-4;Pls-ST)−PS，遗漏了 max 函数。,"WB-1 was corrected to subtract (PS + PW) and WB-3 to use max(Pls-4; Pls-ST) − PS, matching Table 1.",
R500_0021,dnv_full_500,annotatorB,fact_repair,0,replaced,Design Load Scenario 1 (Normal operation at sea) is an S+D (Static + Dynamic) scenario,Design Load Scenario 2 (Normal operation at sea) is an S+D (Static + Dynamic) scenario,"Pt3.Ch4.Sec7 Table 1 表头将 ""Normal operation at sea"" 标为 Scenario 2（S+D），而非 Scenario 1。Scenario 1 是 ""Normal operations at harbour and sheltered water""（S）。","Changed the scenario number from 1 to 2 because Table 1 classifies Normal operation at sea as Scenario 2, while Scenario 1 is harbour and sheltered water.",
R500_0021,dnv_full_500,annotatorB,fact_repair,1,replaced,"Hull girder loads VBM = Msw + Mwv-LC, HBM = Mwh-LC, VSF = Qsw + Qwv-LC, and TM = Mst + Mwt-LC are all correct for scenario 1","Hull girder loads VBM = Msw + Mwv-LC, HBM = Mwh-LC, VSF = Qsw + Qwv-LC, and TM = Mst + Mwt-LC are all correct for Scenario 2","Table 1 中 Scenario 1 的船体梁载荷为 VBM=Msw, HBM=−, VSF=Qsw, TM=Mst。事实中的 Msw+Mwv-LC 等动态项属于 Scenario 2。","Changed the scenario from 1 to 2 because Table 1 assigns these dynamic load terms to Scenario 2, not Scenario 1.",
R500_0021,dnv_full_500,annotatorB,fact_repair,2,replaced,External shell pressure PS + PW is correct for scenario 1,External shell pressure PS + PW is correct for scenario 2,Table 1 中 External shell 在 Scenario 1 下为 PS（仅静压），PS+PW 对应 Scenario 2。,"Changed the scenario from 1 to 2 because Table 1 assigns PS+PW to Scenario 2, while Scenario 1 is PS only.",
R500_0021,dnv_full_500,annotatorB,fact_repair,3,replaced,Boundaries of water ballast tanks loaded with Pℓs-1 + Pℓd is correct for scenario 1,Boundaries of water ballast tanks loaded with Pℓs-1 + Pℓd is correct for scenario 2,Table 1 中 Boundaries of water ballast tanks 在 Scenario 1 下为空白/不适用，Pls-1+Pld 属于 Scenario 2。,Changed the scenario from 1 to 2 because Table 1 assigns Pℓs-1 + Pℓd to Scenario 2 for boundaries of water ballast tanks.,
R500_0043,dnv_full_500,annotatorB,fact_repair,0,replaced,"The 12 kN/m² minimum pressure and waiver of other sloshing calculations under [1.1.3] do NOT apply because the tank is not of cellular construction, even though its volume is less than 100 m³","The 12 kN/m² minimum pressure and waiver of other sloshing calculations under [1.1.3] apply because the 85 m³ tank satisfies the under-100 m³ condition, regardless of whether it is of cellular construction","Pt3.Ch10.Sec4 [1.1.3] 的适用条件是""容积小于100m³的小型液舱""和""蜂窝结构液舱""两类——85m³ 满足第一条，与是否为蜂窝结构无关。事实以""非蜂窝结构""为由排除 [1.1.3] 的适用，与源文本不符。","Changed the fact to state that [1.1.3] applies based on the tank being under 100 m³, not on whether it is cellular.",
R500_0043,dnv_full_500,annotatorB,fact_repair,1,replaced,The correct minimum sloshing pressure is 20 kN/m² per [1.1.4],The correct minimum sloshing pressure is 12 kN/m² per [1.1.3],"85m³ 液舱落入 [1.1.3] 范围，最小晃荡压力应为 12 kN/m²。事实引用 [1.1.4] 给出 20 kN/m²，但 [1.1.4] 明确适用于""[1.1.3] 规定之外的液舱""。",Changed the applicable provision from [1.1.4] to [1.1.3] and corrected the minimum sloshing pressure from 20 to 12 kN/m² for an 85 m³ tank.,
R500_0043,dnv_full_500,annotatorB,fact_repair,2,replaced,"The 20 kN/m² pressure applies to plates, stiffeners, and tripping brackets at all internal surfaces including web frames, girders, stringers, and wash bulkheads","The 12 kN/m² pressure applies to plates, stiffeners, and tripping brackets at internal surfaces including web frames, girders, and stringers",事实描述的适用范围（含 wash bulkheads）来自 [1.1.4]（20 kN/m²），但本液舱应适用 [1.1.3]（12 kN/m²）。[1.1.3] 的适用范围描述基本一致但不包含 wash bulkheads。压力的数值引用错误导致整个陈述不可靠。,"Changed the pressure from 20 to 12 kN/m² and removed wash bulkheads because this tank falls under [1.1.3], not [1.1.4].",
R500_0043,dnv_full_500,annotatorB,fact_repair,4,replaced,Transverse sloshing pressure calculations (P_slh-t) ARE required because b_slh = 18.0 m > 0.32B = 10.24 m,Transverse sloshing pressure calculations (P_slh-t) ARE NOT required because [1.1.3] states that no other sloshing requirements are applicable to such tanks,"[1.1.3] 规定 ""No other sloshing requirements are applicable to such tanks""——对此类液舱不要求横向晃荡计算，与 b_slh 是否超过阈值无关。",Changed the fact from required to not required and removed the b_slh threshold basis because [1.1.3] exempts such tanks from other sloshing calculations.,
R500_0137,dnv_full_500,annotatorB,fact_repair,3,replaced,yield acceptance limit = 0.9 × 315 = 283.5 N/mm²,"yield acceptance limit for primary supporting structural members and bulkheads = λ_yperm × 315 N/mm², where λ_yperm is taken from Pt3.Ch7.Sec3 Table 1","Pt3.Ch7.Sec3 Table 1 中""primary supporting structural members and bulkheads""行的屈服许用因子（λ_yperm）不同于简单的 0.9×R_eH。具体值需按构件类型查表确定，0.9 不能作为通用值直接套用。",The fixed 0.9 factor was replaced with the table-based λ_yperm required for primary supporting structural members and bulkheads.,
R500_0137,dnv_full_500,annotatorB,fact_repair,4,replaced,"254.9 N/mm² < 283.5 N/mm², so the element passes the yield criterion","254.9 N/mm² must be less than the allowable yield limit for this element type, derived using the applicable λ_yperm from Pt3.Ch7.Sec3 Table 1, for the element to pass the yield criterion",254.9 < 283.5 的比较本身算术正确，但 283.5 是否为此构件的正确许用限值取决于事实 3 的修正结果。,I replaced the fixed 283.5 N/mm² limit because the allowable yield threshold depends on the component-specific λ_yperm in Pt3.Ch7.Sec3 Table 1.,
R500_0163,dnv_full_500,annotatorB,fact_repair,0,replaced,ℓ_c = 0.71 × L = 227.2 m,ℓ_c = 0.71 × (0.7 − x_A/L) × L = 119.28 m,源文本中 ℓ_c = 0.71×(0.7−x_A/L)×L。以 x_A/L=56/320=0.175 代入，正确值为 0.71×0.525×320=119.28 m。事实直接用了 0.71×L=227.2 m，遗漏了 (0.7−x_A/L) 因子。,补入源文规定的 (0.7 − x_A/L) 因子并按 x_A/L = 56/320 重算，原 227.2 m 数值错误。,
R500_0163,dnv_full_500,annotatorB,fact_repair,2,replaced,λℓ_c ≈ 1.135,λℓ_c ≈ 0.60,λℓ_c 的值取决于正确的 ℓ_c。使用正确 ℓ_c=119.28m 时 λℓ_c≈0.60，而非 1.135。此错误向上游传播。,将 λℓ_c 从 1.135 更正为基于正确 ℓ_c=119.28 m 计算得到的约 0.60。,
R500_0163,dnv_full_500,annotatorB,fact_repair,4,replaced,The bi-moment fraction term evaluates to approximately −0.245,The bi-moment fraction term evaluates to approximately −0.196,翘曲双力矩分项的计算涉及 ℓ_c、λℓ_c 和 f_D-st（双岛船应取 0.4）。由于前序输入有误，此处数值不可靠。,The value is recomputed after propagating the corrected ℓ_c/λℓ_c inputs and using the two-island design factor f_D-st = 0.4.,
R500_0163,dnv_full_500,annotatorB,fact_repair,5,replaced,"M_σ-st ≈ −6.0×10⁷ kNm² (negative, magnitude approximately 60 million kNm²)","M_σ-st ≈ −2.4×10⁷ kNm² (negative, magnitude approximately 24 million kNm²)",M_σ-st 的最终数值继承了事实 0/2/4 的累积误差，且需使用 f_D-st=0.4（双岛集装箱船）。,Updated the final value by propagating the corrected ℓ_c factor and using f_D-st = 0.4 for a two-island container ship.,
F500_0054,dnv_full_500,annotatorB,fact_repair,3,dropped,The wave pressure formulation for the side shell in the BSR load case requires roll motion parameters (Tθ and θ) as defined in the ship motions section,,BSR 侧壳波浪压力的具体公式路径需要穿过 Sec.5，提供的源文本摘录未完整覆盖该公式链，无法完全验证。,Dropped because the provided excerpt does not fully cover the Sec.5 formula chain needed to verify this proposition.,
F500_0054,dnv_full_500,annotatorB,fact_repair,4,replaced,For BSR-1P load case: load combination factor CYR = −1.0 (transverse acceleration due to roll),For BSR-1P load case (strength assessment): load combination factor CYR = 1.0 (transverse acceleration due to roll),"Pt3.Ch4.Sec2 Table 5 中 BSR-1P（强度评估）列下 CYR 的值为 1，非 −1.0。查阅 Table 5 ""Load combination factors for BSR and BSP load cases - strength assessment""。",The CYR value was corrected from −1.0 to 1.0 to match Table 5 for the BSR-1P strength assessment column.,
F500_0054,dnv_full_500,annotatorB,fact_repair,5,replaced,For BSR-1P load case: load combination factor CZR = −1.0 (vertical acceleration due to roll),For BSR-1P load case: load combination factor CZR = 1.0 (vertical acceleration due to roll),同一 Table 5 中 BSR-1P 列下 CZR 的值为 1，非 −1.0。,"The CZR value for the BSR-1P column in Table 5 is 1, not −1.0.",
F500_0054,dnv_full_500,annotatorB,fact_repair,6,replaced_ambiguous,The evaluation chain runs from loading condition requirements for primary supporting members → external load formulation → dynamic load case combination factors → roll motion parameter definitions,The evaluation chain runs from loading condition requirements for primary supporting members → external load formulation,载荷评估链的路径方向正确，但 Sec.5 侧壳波浪压力的具体分支在提供的摘录中不完整，无法确认该步骤是否完全按源文本执行。,I narrowed the chain to the confirmed portion because the Sec.5 side-shell-wave-pressure branch is incomplete in the provided excerpt.,
R500_0217,dnv_full_500,annotatorB,fact_repair,3,replaced,The applicable design load scenario for normal seagoing operations uses P_int for internal tank structures,"For internal tank structures, normal seagoing operations (Scenario 2) use P_int","Table 1 中 ""Internal structures in tanks"" 行在 Scenario 2（正常海上航行）下确实为 Pint，但事实将正常海上航行称为 Scenario 1 是错误的——Table 1 表头将 Scenario 1 定义为港内/遮蔽水域（S），Scenario 2 才是正常海上航行（S+D）。","Changed the scenario designation to Scenario 2 because Table 1 defines normal seagoing operations as Scenario 2, not Scenario 1.",
R500_0231,dnv_full_500,annotatorB,fact_repair,0,replaced,η_all = 0.90 for AC-I under S+D load component (from Sec1 [3.4] Table 3),η_all = 0.80 for AC-I under S load component (from Sec1 [3.4] Table 3),"Pt3.Ch8.Sec1 [3.4] Table 3 规定了各验收准则和载荷组合下的许用屈曲利用率因子 η_all。事实引用 η_all=0.90（AC-I, S+D），但 Table 3 中板/加强筋/加筋板在 S+D 下的 η_all 值为 1.00（对应 AC-II），AC-I 下的值需按表确认，0.90 并非该行的正确值。",Table 3 assigns AC-I to load component S with η_all = 0.80; the original AC-I/S+D/0.90 combination was not the correct table entry.,
R500_0231,dnv_full_500,annotatorB,fact_repair,1,replaced,"Buckling utilization factor 0.88 ≤ 0.90, therefore the deck panel buckling check is acceptable","Buckling utilization factor 0.88 ≤ η_all = 1.00, therefore the deck panel buckling check is acceptable",屈曲校核通过与否取决于事实 0 的 η_all。若 η_all=1.00 而非 0.90，则 0.88<1.00 结论不变但含义不同——实际安全裕度大于事实所述。,Updated the acceptance limit from 0.90 to the corrected η_all value of 1.00 so the pass conclusion reflects the proper margin.,
R500_0240,dnv_full_500,annotatorB,fact_repair,0,replaced,Roll radius of gyration kr = 0.39B = 12.48 m (general default value applied),"Roll radius of gyration kr is to be determined in accordance with Pt.5 for a vessel with the class notation ""Bulk carrier"" or ""Ore carrier"", rather than using the general default kr = 0.39B","Pt3.Ch4.Sec3 [2.1.1] 规定：对于持有""Bulk carrier""或""Ore carrier""船级符号的船舶，GM 和 k_r 按 Pt.5 确定，而非使用通用的 k_r=0.39B。散货船不应直接取 k_r=0.39B。",Replaced the incorrect general default value with the rule that bulk/ore carriers must determine kr via the Pt.5-specific path.,
R500_0240,dnv_full_500,annotatorB,fact_repair,1,replaced,GM = 0.07B = 2.24 m (general default value applied),GM = the Pt.5 bulk-carrier value for the relevant loading condition (the general default GM = 0.07B does not apply),GM=0.07B 是通用默认值。但 Sec.3 [2.1.1] 将散货船路由至 Pt.5，若 Pt.5 给出了不同的 GM 取值方式，则此默认值不适用。需确认 Pt.5 散货船章节的 GM 规定。,"Replaced the Pt.3 general default with the Pt.5 bulk-carrier, loading-condition-specific GM requirement.",
R500_0240,dnv_full_500,annotatorB,fact_repair,2,replaced,Roll period Tθ ≈ 19.2 s (derived from Tθ = 2.3π·kr / √(g·GM)),"Roll period Tθ is derived from Tθ = 2.3π·kr / √(g·GM), with kr and GM taken from the bulk-carrier-specific Pt.5 values in Sec.3 [2.1.1].",横摇周期 Tθ 的值依赖于 k_r。事实 0 的 k_r 取值有误，导致此处 Tθ≈19.2s 不可靠。,Removed the unreliable ≈19.2 s result and tied the calculation to the Pt.5 bulk-carrier kr/GM inputs required by the SME note.,
R500_0240,dnv_full_500,annotatorB,fact_repair,5,replaced,Roll angle θ ≈ 22.7 deg (derived from the roll angle formula in Sec.3 [2.1.1]),"Roll angle θ for a bulk carrier is derived from the Sec.3 [2.1.1] roll angle formula using the Pt.5 values of k_r and GM, not the Pt.3 general defaults",横摇角 θ 的计算依赖于 Tθ（事实 2）。由于 Tθ 依赖错误的 k_r，θ≈22.7° 不可靠。,"The unreliable 22.7 deg value was removed because θ depends on Tθ, which must be based on the Pt.5 bulk-carrier k_r and GM path.",
R500_0257,dnv_full_500,annotatorB,fact_repair,5,replaced,The load combination factor C_WV for BSR-1P under strength assessment is given by 0.4f_T − 0.7,The load combination factor C_WV for BSR-1P under strength assessment is given by 0.1 − 0.2f_T,"Table 5 ""Load combination factors for BSR and BSP load cases - strength assessment"" 中 BSR-1P 列 MWV/CWV 行的公式为 0.1−0.2f_T，而非事实中的 0.4f_T−0.7。",The formula was corrected to match Table 5 for the BSR-1P C_WV entry under strength assessment.,
R500_0257,dnv_full_500,annotatorB,fact_repair,6,replaced,"With f_T = 0.85, C_WV for BSR-1P = −0.36","With f_T = 0.85, C_WV for BSR-1P = −0.07",以 f_T=0.85 代入正确公式 C_WV=0.1−0.2×0.85=−0.07，非 −0.36。,Updated the C_WV value to −0.07 using the correct Table 5 BSR-1P formula at f_T = 0.85.,
F500_0113,dnv_full_500,annotatorB,fact_repair,4,replaced,"For any ballast tank intended to be partially filled during the voyage, the still water bending moment and shear force must be calculated with those tanks assumed empty, full, and partially filled at the intended level","In cargo loading conditions, for any peak ballast tank intended to be partially filled during the voyage, the still water bending moment and shear force must be calculated with those tanks assumed empty, full, and partially filled at the intended level","此题场景为货物装载工况。Pt3.Ch4.Sec8 [1.2.2] 明确规定：""In cargo loading conditions, the requirement in [1.2.1] applies to peak ballast tanks only."" 事实引用 [1.2.1] 的宽泛要求涵盖所有压载舱，未受 [1.2.2] 的限制，适用范围过宽。","Restricted the requirement to cargo loading conditions and to peak ballast tanks only, per Sec.8 [1.2.2].",
F500_0113,dnv_full_500,annotatorB,fact_repair,5,replaced,"Where multiple tanks are intended to be partially filled, all combinations of empty, full, or partially filled at intended level for those tanks must be investigated","In cargo loading conditions, where multiple forepeak tanks are intended to be partially filled, all combinations of empty, full, or partially filled at intended level for those tanks must be investigated",多舱组合装载的校验要求来自 [1.2.1]，但 [1.2.2] 将其在货物装载工况下限制为仅尖舱。事实未体现此限制。,Added the Sec. 8 [1.2.2] restriction that this multiple-tank investigation requirement applies only to forepeak tanks in cargo loading conditions.,
F500_0129,dnv_full_500,annotatorB,kill,,kill_item,,,题目场景需消歧：明确 14mm 是净厚度还是毛厚度。腐蚀余量加法（事实 0-4）的规则引用正确。,,"Scenario text is internally contradictory: 14 mm is described as both '净厚度（建造厚度扣除腐蚀余量后）' (net thickness, after subtracting corrosion margin) and '毛厚度' (gross thickness). The fact under repair (f5) is unresolvable until the question is rewritten. Rather than ship a question-level defect into the released pool, we kill the item. SME annotator B confirmed the contradiction in the disposition note: '题目场景需消歧：明确 14mm 是净厚度还是毛厚度'."
R500_0313,dnv_full_500,annotatorB,fact_repair,2,replaced,General minimum thickness for sea chest boundaries uses coefficients a = 4.5 and b = 0.05,General minimum thickness for sea chest boundaries uses coefficients a = 4.5 and b = 0.035,"Pt3.Ch6.Sec3 Table 1 中""Bottom, bilge and sea chest boundaries""行的系数为 a=4.5, b=0.035。事实中 b=0.05 与表值不符。","Updated coefficient b from 0.05 to 0.035 to match Pt3.Ch6.Sec3 Table 1 for bottom, bilge and sea chest boundaries.",
R500_0313,dnv_full_500,annotatorB,fact_repair,3,replaced,General minimum thickness = 4.5 + 0.05 × 180 × sqrt(1.0) = 13.5 mm,General minimum thickness = 4.5 + 0.035 × 180 × sqrt(1.0) = 10.8 mm,以正确系数 b=0.035 代入 t=a+b×L2×√k=4.5+0.035×180×1.0=10.8mm，而非 13.5mm。,"The coefficient b is corrected from 0.05 to 0.035, so the resulting minimum thickness recalculates to 10.8 mm.",
R500_0313,dnv_full_500,annotatorB,fact_repair,4,replaced,The governing minimum net thickness is 13.5 mm,The governing minimum net thickness is 10.8 mm,适用最小净厚度应为 10.8mm（正确系数）与 blow-out 公式结果（≈10.2mm）中的较大者，即 10.8mm。事实称 13.5mm 起控制作用，因系数错误被高估了 2.7mm。,"The governing value changes from 13.5 mm to 10.8 mm because the corrected coefficient yields 10.8 mm, which is greater than the blow-out result of about 10.2 mm.",
R500_0316,dnv_full_500,annotatorB,fact_repair,0,replaced,"The bow impact strengthening zone must extend to 0.20L from the forward end, not 0.15L",The bow impact strengthening zone must extend to 0.20L from the forward end if the flare angle at 0.15L from the forward end exceeds 40°,Pt3.Ch10.Sec1 [1.1.3] 规定：若在 0.15L（距首端）处外飘角>40°，则加强区延伸至 0.20L。题目给出了 0.12L 处 44° 和 0.17L 处 42°，但未给 0.15L 处的确切角度。是否有足够的线性插值依据来判定 0.15L 处>40°，取决于审图实践中对插值的接受程度。,"Changed the fact to the rule's actual 0.15L/>40° trigger, because 0.17L cannot be used as a direct substitute.",
R500_0316,dnv_full_500,annotatorB,fact_repair,1,replaced,The flare angle α > 40° at 0.15L from F.E. (42° at 0.17L satisfies the trigger condition) requires extension to 0.20L,The flare angle α > 40° at 0.15L from F.E. requires extension to 0.20L,[1.1.3] 的 0.20L 延伸触发条件是外飘角在 0.15L 处>40°。事实以 0.17L 处 42° 作为 0.15L 处满足条件的证据——这是空间位置上的置换，0.17L≠0.15L，不能直接等同。,Removed the unsupported use of the 42° value at 0.17L because the 0.20L extension trigger must be determined at 0.15L.,
R500_0316,dnv_full_500,annotatorB,fact_repair,2,replaced,The designer's claim that 0.15L is sufficient is incorrect,The designer's claim that 0.15L is sufficient cannot be confirmed or refuted without the actual flare angle at 0.15L,设计方声称 0.15L 足够——如果无法确认 0.15L 处的外飘角确实>40°，这个结论既不能被证实也不能被推翻。需要 0.15L 处的实测角度。,Replaced the unsupported conclusion that 0.15L is incorrect with the SME's point that the claim depends on the measured flare angle at 0.15L.,
R500_0332,dnv_full_500,annotatorB,fact_repair,0,replaced,The section modulus formula is Z = (1000 · P_i · s · k_p · ℓ_p · ℓ_bdg) / (f_bdg · R_eH),The section modulus formula is Z = (1000 · P_i · S · k_p · ℓ_p · ℓ_bdg) / (f_bdg · R_eH),Pt3.Ch10.Sec4 [3.2.5] 剖面模数公式中使用的是大写 S。Pt3.Ch1.Sec4 Table 5 中 S 和 s 是不同符号（含义不同）。事实在分子中使用了小写 s，与源文本符号不一致，可能导致混淆。,"Changed the numerator variable from lowercase s to uppercase S to match Pt3.Ch10.Sec4 [3.2.5], where S and s are distinct symbols.",
R500_0332,dnv_full_500,annotatorB,fact_repair,3,replaced,"Using f_bdg = 8 (simply supported bending moment factor) and the given values, Z_min ≈ 510 cm³","Using f_bdg = 8 (simply supported bending moment factor) and the given value of S, Z_min ≈ 510 cm³",Z_min≈510cm³ 的推导依赖于事实 0 中的公式。若公式符号 S 与 s 的具体取值不同（S 可能有不同的定义或默认值），此数值需要按正确的 S 重新计算确认。,"Changed the calculation basis from lowercase s to the source-consistent uppercase S in [3.2.5], since the stated Z_min depends on that symbol.",
R500_0335,dnv_full_500,annotatorB,fact_repair,2,replaced,"The cut-out occupies 18.75% of the web height (60/320), which is less than 20%, so the reduction factor Cr = 0.80 applies","The cut-out occupies 18.75% of the web height (60/320), which is less than 40%, so the reduction factor Cr = 0.60 applies for a web opening",Pt3.Ch7.Sec3 Table 2（[4.2.6] 下方）中，腹板开口（opening）的折减系数 Cr 与开槽（slot）不同。开口行对于 <40% 的情况 Cr=0.60，开槽行才是 Cr=0.80。此处的 60mm 开口属于 web opening 而非 slot，应取 Cr=0.60。,"Cr was corrected from 0.80 to 0.60 because this 60 mm cut-out is a web opening, not a slot, and the applicable threshold is <40%.",
R500_0335,dnv_full_500,annotatorB,fact_repair,3,replaced,"The simplified corrected yield utilisation = 285/(315 × 0.80) = 1.131, which exceeds 1.0, so the simplified criterion is not satisfied","The simplified corrected yield utilisation = 285/(315 × 0.60) = 1.508, which exceeds 1.0, so the simplified criterion is not satisfied",简化屈服利用率 285/(315×0.80)=1.131 使用了错误的 Cr。若 Cr=0.60，利用率为 285/(315×0.60)=1.508，远超 1.0——结论方向不变（不通过）但数值差距显著。,"The utilisation was recalculated using the corrected Cr value of 0.60 instead of 0.80, while the pass/fail conclusion remains unchanged.",
R500_0335,dnv_full_500,annotatorB,fact_repair,4,replaced,"The full shear stress correction must be applied: τ_cor = (320/260) × τ_elem, increasing the effective stress beyond the allowable limit",The full shear stress correction must be applied: τ_cor = (320/260) × τ_elem,全剪切应力修正 τ_cor=(320/260)×τ_elem 的公式来源正确，但未提供 τ_elem 及应力分量的具体值，无法独立验证修正后的最终应力是否超出许用值。,Removed the unsupported conclusion that the corrected stress exceeds the allowable limit because the underlying τ_elem and stress-component values were not provided.,
R500_0335,dnv_full_500,annotatorB,fact_repair,5,replaced,The arrangement is not acceptable; scantlings must be increased or the cut-out geometry must be modified,"The arrangement's acceptability cannot be definitively determined without the correct Cr, complete shear correction, and full FE stress data",结构可接受性需在正确 Cr 和完整剪切修正后进行综合判断。在缺少完整 FE 应力数据的情况下，仅凭现有信息不能得出确定结论。,Replaced the unsupported rejection with the SME's qualified conclusion that acceptability cannot be finally judged from the current incomplete inputs.,
F500_0145,dnv_full_500,annotatorB,fact_repair,1,replaced,γ_M = 1.1,γ_M = 1.05,此题船舶明确为集装箱船（B=48.2m>32.26m），触发了 Pt5.Ch2.Sec4 [2.6.2] 的特殊极限强度校核分支。该分支的 γ_M 应取 1.05（Pt5 集装箱船专用值），而非 Pt3 通用的 1.1。,按 Pt5.Ch2.Sec4 [2.6.2] 的集装箱船专用极限强度分支，γ_M 应由 1.1 修正为 1.05。,
F500_0145,dnv_full_500,annotatorB,fact_repair,3,replaced,γ_R = γ_M × γ_DB = 1.1 × 1.1 = 1.21,γ_R = γ_M × γ_DB = 1.05 × 1.1 = 1.155,γ_R=γ_M×γ_DB=1.05×1.1=1.155（Pt5 路径），而非事实中的 1.1×1.1=1.21。,按 SME 指注改用 Pt5 路径参数，将 γ_M 从 1.1 更正为 1.05，因此 γ_R 更正为 1.155。,
F500_0145,dnv_full_500,annotatorB,fact_repair,4,replaced,"Applied bending moment M = 1.0 × 8,400,000 + 1.2 × 5,200,000 = 14,640,000 kNm","Applied bending moment M = 1.0 × 8,400,000 + [1.2 + (γ_WH − 1.2) × 0.9] × 5,200,000 kNm",施加弯矩 M 的计算涉及载荷组合系数（γ_S×M_SW + M_WV）。Pt5 [2.6.2] 的系数组合不同于 Pt3 通用公式，需按 Pt5 专用规则重新校核。,"Replaced the Pt3 default `1.2 × M_WV` term with the Pt5 [2.6.2] whipping-modified wave coefficient, so the total must be recalculated after determining `γ_WH`.",
F500_0145,dnv_full_500,annotatorB,fact_repair,5,replaced,"Allowable moment M_U / γ_R = 22,500,000 / 1.21 ≈ 18,595,000 kNm","Allowable moment M_U / γ_R = 22,500,000 / 1.155 ≈ 19,480,000 kNm","M_U/γ_R 的值依赖于正确的 γ_R。1.155 替换 1.21 后，许用弯矩变为 22,500,000/1.155≈19,480,000 kNm。","γ_R was corrected from 1.21 to 1.155, so M_U/γ_R recalculates to approximately 19,480,000 kNm.",
F500_0145,dnv_full_500,annotatorB,fact_repair,6,replaced,"The criterion M ≤ M_U / γ_R is satisfied (14,640,000 kNm ≤ 18,595,000 kNm)",The criterion M ≤ M_U / γ_R must be re-checked by comparing M with M_U / γ_R using the Pt5.Ch2.Sec4 [2.6.2]-corrected values of the applied bending moment and γ_R,通过与否的结论取决于正确的施加弯矩和正确的 γ_R。使用 Pt5 修正值后，需重新比较 M 与 M_U/γ_R 才能判定。,"The original pass/fail conclusion and numbers are invalid because Pt5.Ch2.Sec4 [2.6.2] changes the applicable M and γ_R, requiring a fresh comparison.",
F500_0150,dnv_full_500,annotatorB,fact_repair,3,replaced,"The still water shear force of 28,500 kN is less than the total hull girder shear capacity of 31,200 kN, so the loading condition is compliant with the shear strength requirement","The still water shear force of 28,500 kN must be compared against the reduced hull girder shear capacity Q_R - |Qwv| under Pt3.Ch5.Sec2 [2.2.1], rather than directly against the total shear capacity of 31,200 kN","Pt3.Ch5.Sec2 [2.2.1] 的剪力校核准则为 |Qsw| ≤ Q_R − |Qwv|，需要从总剪力容量 Q_R 中先扣除波浪剪力分量 |Qwv|，再与静水剪力比较。事实直接将 Qsw=28,500 与 Q_R=31,200 比较，未扣除 Qwv 项，简化方式与源文校核准则不符。","Changed the fact to use the full Sec.2 [2.2.1] shear check, which requires deducting |Qwv| from Q_R before comparing |Qsw|.",
F500_0153,dnv_full_500,annotatorB,fact_repair,4,replaced,The hogging wave bending moment MWV-Hog is approximately +7 890 000 kNm and the sagging moment MWV-Sag is approximately −11 780 000 kNm at x/L = 0.5,The hogging wave bending moment MWV-Hog is approximately +6 700 000 kNm and the sagging moment MWV-Sag is approximately −10 010 000 kNm at x/L = 0.5 for strength assessment with f_R = 0.85,"Pt5.Ch2.Sec3 [2.2.3] 的垂向波浪弯矩公式包含 f_R 因子，而 Pt3.Ch4.Sec4 [3.1.1] 规定强度评估时 f_R=0.85。事实中 M_WV-Hog≈7,890,000 kNm 使用了 f_R=1.0，若改为 0.85，弯矩值应缩减约 15%，约为 6,700,000 kNm。",Both bending moments are reduced by the required strength-assessment factor f_R = 0.85 instead of 1.0.,
F500_0153,dnv_full_500,annotatorB,fact_repair,5,replaced,"For the HSM-1 load case, the external dynamic wave pressure PW at the shell plate (z = 6.0 m < TLC = 14.2 m) is non-zero; per Pt3.Ch4.Sec5 Table 2, PW = PW,WL − ρg(z − TLC), which is positive because the plate is below the waterline","For the HSM-1 load case, the external dynamic wave pressure PW at the shell plate is calculated per Sec.5 [1.3.2] and Table 2.",HSM-1 工况侧壳波浪压力 P_W 的计算路径涉及 Sec.5 [1.3.2] 和 Table 2，提供的源文本摘录中 Table 2 不完整，无法完整追踪该分支的计算。,"Removed the unsupported non-zero/formula conclusion because the provided Table 2 excerpt is incomplete, keeping only the calculation path identified by the SME.",
F500_0155,dnv_full_500,annotatorB,fact_repair,3,replaced,"For fillet welds under bow impact loading, weld sizing is governed by Pt3.Ch13.Sec1 [2.5.4] as referenced from the stiffener-PSM connection rules","For fillet welds under bow impact loading, weld sizing is governed by Pt3.Ch13.Sec1 [2.5.6] as referenced from the stiffener-PSM connection rules",Pt3.Ch6.Sec7 [1.3.1] 规定：简化方法（[1.3.4]）仅适用于船长小于 90m 的船舶。本题 L=185m，走的是非简化路径，通过 [1.3.1]→Pt3.Ch13.Sec1 [2.5.6]（非 [2.5.4]）。事实引用的 [2.5.4] 属于 L<90m 路径。,Changed the weld-sizing citation from [2.5.4] to [2.5.6] because this L=185 m case follows the non-simplified L≥90 m path.,
R500_0422,dnv_full_500,annotatorB,fact_repair,0,replaced,The proposed design approach is not acceptable without additional verification,The proposed design approach may require additional verification,"Pt.3 Ch.3 Sec.1 [2.1.2] 的措辞是""may be required""（可能需要），非""shall""（必须）。事实将可能的额外验证表述为确定的不可接受，夸大了限制程度。",Changed the statement from a definite acceptability bar to the source’s conditional wording that additional verification may be required.,
R500_0422,dnv_full_500,annotatorB,fact_repair,1,replaced,An additional yield capacity check of the plate flange is required because the plate flange minimum yield strength (355 N/mm²) is lower than the connected PSM minimum yield strength (460 N/mm²),"An additional yield capacity check of the plate flange is not required under Pt.3 Ch.6 Sec.5 [1.1.4], because the plate flange minimum yield strength (355 N/mm²) is about 29.6% lower than the connected PSM minimum yield strength (460 N/mm²), which is below the 35% threshold",Pt.3 Ch.6 Sec.5 [1.1.4] 的板格翼缘屈服校核触发条件是屈服强度差超过 35%。本题中加强筋 NV47（460MPa）与板格 AH36（355MPa）的强度差约为 (460−355)/355≈29.6%，未超过 35% 阈值。,Changed the fact from mandatory to not required because the 355-to-460 MPa strength difference does not exceed the 35% trigger in [1.1.4].,
R500_0422,dnv_full_500,annotatorB,fact_repair,2,replaced,The additional plate flange yield capacity check requirement is triggered by the yield strength mismatch between flange and PSM materials,"The additional plate flange yield capacity check requirement is not triggered in this case because the yield strength mismatch between the NV47 flange and AH36 PSM materials is about 30%, below the 35% threshold in [1.1.4]",事实 1 中描述的触发条件的具体阈值（>35%）在本题中未达到——NV47 vs AH36 的屈服强度差距约 30%，低于 [1.1.4] 的 35% 门槛。,The fact was narrowed to this scenario and corrected to reflect that the mismatch does not reach the >35% trigger threshold in [1.1.4].,
R500_0436,dnv_full_500,annotatorB,fact_repair,1,replaced,The material factor k for A47 steel (R_eH = 460 N/mm²) is k = 0.57,The material factor k for A47 steel (R_eH = 460 N/mm²) is k = 0.62,Pt3.Ch3.Sec1 Table 2 中 R_eH=460 N/mm²（A47/NV-47 钢）对应的材料系数 k 直接列表值为 0.62，而非 0.57。k=0.57 是另一个屈服强度级别的值，不能用于 460MPa 钢。,Updated k from 0.57 to 0.62 because Pt3.Ch3.Sec1 Table 2 lists 0.62 for R_eH = 460 N/mm² (A47/NV-47 steel).,
R500_0463,dnv_full_500,annotatorB,fact_repair,0,replaced,"f_R = 1.0 for unrestricted ocean-going service, obtained from Pt3.Ch4.Sec4 [3.1.1] as referenced by the container ship loads section","f_R = 0.85 for strength assessment, obtained from Pt3.Ch4.Sec4 [3.1.1] as referenced by Pt5.Ch2.Sec3 [2.2.3] in the container ship loads section",Pt5.Ch2.Sec3 [2.2.3] 将强度评估时的 f_R 引至 Pt3.Ch4.Sec4 [3.1.1]，该条款明确给出 f_R=0.85（强度评估），非 1.0。f_R=1.0 是疲劳评估或其他场景的值。,Changed the value to 0.85 and the applicability to strength assessment because Pt3.Ch4.Sec4 [3.1.1] gives that value when referenced by Pt5.Ch2.Sec3 [2.2.3].,
R500_0463,dnv_full_500,annotatorB,fact_repair,5,replaced,"M_WV-Hog at x/L = 0.5 is approximately 11,800–11,900 MNm (≈ 11.87 × 10⁶ kNm)","M_WV-Hog at x/L = 0.5 is approximately 10,100 MNm (≈ 10.1 × 10⁶ kNm)",M_WV-Hog≈11.87×10⁶ kNm 依赖于 f_R=1.0。若 f_R 改为强度评估值 0.85，则弯矩约为 10.1×10⁶ kNm，缩减约 15%。,The moment value was recalculated using the corrected strength assessment factor f_R = 0.85 instead of 1.0.,
